Timestamp,"What kind of pet is this (Dog, Cat, Bird, Other)","Pet's Full Name (you don't have to include your last name. Think ""Winston Churchill"" and not ""Winston Churchill MYLASTNAME"")","Pet's everyday name (e.g. ""Church"")",Pet's age,Pet's breed (if applicable)
7/21/2019 18:03:48,Dog,Widget,Widget,5,Mini dachshund
7/21/2019 18:03:50,Dog,Stella Bo Bella,Stella,6.5,Mutt
7/21/2019 18:04:07,Dog,Tilly,Tills,13,Chocolate lab
7/21/2019 18:04:26,Dog,Peter Peter Pumpkin Eater,Petey,5ish,Pitbull
7/21/2019 18:04:30,Dog,Remy,Rem,1,Unknown
7/21/2019 18:04:35,Dog,Oreo,Oreo,7,Some kind of mix
7/21/2019 18:04:41,Dog,Ljus  (Swedish word for light),Ljus ,14 weeks,Golden Retriever
7/21/2019 18:04:52,Dog,Bambi,Bambs,3,Unknown
7/21/2019 18:05:05,Dog,Layla â€˜The Tankâ€™,Layla,3,Pitbull
7/21/2019 18:05:14,Dog,Benny and the Jets,Ben,1,Mastiff/Great Dane
7/21/2019 18:05:16,Dog,Milo,Milo,7,Bichon Frise
7/21/2019 18:05:21,Dog,Mocha,Mocha,3,Pitbull/Terrier mix
7/21/2019 18:05:22,Dog,Shadow,Shadow ,15 Â½ ,Golden Retriever
7/21/2019 18:05:25,Dog,Luna,Luna,1,Great Pyrenees 
7/21/2019 18:05:33,Dog,Cody,Baby,13,Black lab/cocker spaniel mix
,,, Pookie,,
7/21/2019 18:05:50,Dog,Oatmeal,Oatmeal,7 months,Golden Retriever
7/21/2019 18:05:51,Dog,Ginger,Nugget ,10,Chihuahua 
7/21/2019 18:05:53,Dog,Starbuck Louise,Starbuck,4,Goldendoodle
7/21/2019 18:05:56,Dog,Mocha Antoinette,Mocha,7,Mutt
7/21/2019 18:06:05,Dog,Oscar ,Oscar ,10,Shepherd retriever mix
7/21/2019 18:06:21,Dog,Magnolia Mae,Noli,2.5,Great Pyrenees/Lab
7/21/2019 18:06:28,Dog,George Cooper,Georgie,2,Golden Retriever
7/21/2019 18:06:28,Dog,Cayenne,Cayenne,8,German Shepherd
7/21/2019 18:06:40,Dog,Olive Oil,Olive,2,Australian Shepherd
7/21/2019 18:06:45,Dog,Brook,Brookie,7,Golden Retriever
7/21/2019 18:06:46,Dog,Sparkie,Spark,4,Mutt
,,, Sparkie,,
,,, sparkle,,
7/21/2019 18:06:48,Dog,Max,Maxie,16,carin terrier/ kerry blue terrier/ keeshond
7/21/2019 18:06:49,Dog,Howard,Howie,10,American Staffordshire Terrier mix
7/21/2019 18:07:05,Dog,Ella Fitzgerald,Ella,12,Heinz 57
7/21/2019 18:07:14,Dog,Josephine Bakes,Josie,5,Pitbull/lab mix
7/21/2019 18:07:19,Dog,Lennie,Lennie,2,Treeing Tennessee Brindle 
7/21/2019 18:07:39,Dog,Cody James,Buddy,1.5 years,Golden Retriever
7/21/2019 18:07:44,Dog,Jake,Jake,2,Golden Retriever/Husky/Shepherd/Jack Russell 
7/21/2019 18:08:03,Dog,Gail,Gail,3,Treeing Tennessee Brindle 
7/21/2019 18:08:28,Dog,Lucky,Luck,3,Jack a bee (half jack russell
,,, Luckboy, we think (heâ€™s a rescue),beagle mix
,,, Luck duck,,
7/21/2019 18:08:34,Dog,Darcy,Darcy,3,Working cocker spaniel
7/21/2019 18:08:50,Dog,Luke Anakin,Luke,9,Golden Retriever
7/21/2019 18:08:52,Dog,Sadie,Sadie Pot Pie,10,Mixed Breed
7/21/2019 18:09:01,Dog,Hazel Nut,Hazel,3,Australian Shepherd
7/21/2019 18:09:12,Dog,Bourbon,Bourbon,3,Mixed Breed
7/21/2019 18:09:19,Dog,Riley,Smiley Riley,13,Golden Retriever
7/21/2019 18:09:22,Dog,Mr. Nubs,Mr. Nubs,16,Corgi
7/21/2019 18:09:42,Dog,Bentley,Bentley boy,3,Australian labradoodle 
7/21/2019 18:09:46,Dog,Fenway,Fenway,6,Boston terrier
7/21/2019 18:09:47,Dog,Benelli ,Name,3,Black Lab
7/21/2019 18:09:51,Dog,Washington the Destroyer,Wash,6.5,Chocolate lab
7/21/2019 18:09:52,Dog,Philomenos,Philo,9,Portuguese Water Dog 
,,, Phil,,
,,, phi phi,,
7/21/2019 18:09:58,Dog,Stampy Wiggles ,Stampy,10,Goldendoodle
7/21/2019 18:09:58,Dog,Jasmine,Jaz ,5,Golden Retriever
7/21/2019 18:10:00,Dog,Emma,Puppy,1,Chocolate lab
7/21/2019 18:10:01,Dog,Winston,Wintin,4,Wire-haired mutt
7/21/2019 18:10:02,Dog,Torchenay Be Cool,Max,13,Beagle
7/21/2019 18:10:17,Dog,Brutus ,Brutus ,7,Yellow Labrador Retriever
7/21/2019 18:10:31,Dog,Lucu,Puppy,7,Black lab/ blue heeler
7/21/2019 18:10:32,Dog,Mosephine,Mo,1,Standard Poodle
7/21/2019 18:10:32,Dog,Abegeweit,Abi (Abby),16,Fox terrier mix
7/21/2019 18:10:34,Dog,Kramer,Kray Kray,12,Golden Retriever
7/21/2019 18:10:51,Dog,Rusty,Wusty,5,Golden Lab
7/21/2019 18:10:51,Dog,Demi,Dems,6,Mixed (dachshund
,,, demi dog,, basenji
,,, the queen,,Australian Cattle Dog
,,,,,Rescue
7/21/2019 18:10:54,Dog,Alfredog,Alfie,11,Mutt - mostly Jack Russell
7/21/2019 18:10:59,Dog,Shorty Do-Op,Shorty,15,Mutt
7/21/2019 18:11:04,Dog,Penny,Penny,3,Australian Shepherd
7/21/2019 18:11:05,Dog,Tuxedo,Tux,18 months,Schnauzer 
7/21/2019 18:11:10,Dog,Sally,Sally,7,Golden Retriever
7/21/2019 18:11:12,Dog,Lola,Lola,6,Mixed Breed
7/21/2019 18:11:16,Dog,Gustav,Goober,10,German Shepherd mix
7/21/2019 18:11:25,Dog,Poppy Sue Galushka Clementine,Poppy,4,Treeing Walker Coonhound
7/21/2019 18:11:34,Dog,Duke,Duke,3,Australian Shepherd
7/21/2019 18:11:39,Dog,Millie,Mills,7,Jack Russell Terrier
7/21/2019 18:11:39,Dog,Sir Winston of Weston ,Winston ,10,Golden Retriever
,,, Winnie,,
7/21/2019 18:11:50,Dog,Angus OgDog Dogga McDuff,Angus,Deceased at 13,West Highland White Terrier
7/21/2019 18:12:04,Dog,Lady,Doofus,6,Chocolate lab mix
7/21/2019 18:12:07,Dog,Maggie Peaches,Maggie,13,Bichon Poodle
7/21/2019 18:12:13,Dog,Camembert,Cami,5,Bernese Mountain Dog
7/21/2019 18:12:16,Dog,Shadow,Shadow,3,Saluki
7/21/2019 18:12:21,Dog,Archer,archer,3,Golden Retriever
7/21/2019 18:12:24,Dog,Robbie,robz,1.5,Whippet
7/21/2019 18:12:52,Dog,Roxy,Roxy,8,Pitbull
7/21/2019 18:12:54,Dog,Ashton Sebastian,Ash,9,Pitbull mix
7/21/2019 18:12:54,Dog,Maximum,Max,10,Puggle
7/21/2019 18:12:57,Dog,Rosalind Pearl,Rosie,5,Border collie mix
7/21/2019 18:13:09,Dog,Chyna,Chyna,16,Little terrier poodle mix
7/21/2019 18:13:36,Dog,Sadie,Sadie,4,Cockapoo
7/21/2019 18:13:43,Dog,Flynn,Flynn,11 months,Corgi
7/21/2019 18:14:00,Dog,Loki,Loki,3,
7/21/2019 18:14:22,Dog,Trixie,Trix,3,"Toy Fox Terrier / Yorkie (""Torkie"")"
7/21/2019 18:14:43,Dog,Birdy ,Birdy ,4,Pomeranian mix
7/21/2019 18:15:22,Dog,Vince,Vincie ,11,Yellow lab
7/21/2019 18:15:41,Dog,Cobert ,Cob ,2,Dalmatian
7/21/2019 18:16:03,Dog,Jack Daniel,Jackie,3,Chocolate lab
7/21/2019 18:16:06,Dog,Crinkle,Crinkle,7,Mongrel
7/21/2019 18:16:07,Dog,Maisy Lynn Marie,Mimsy,6,beagle mix
7/21/2019 18:16:07,Dog,Beemer,Beemo,7,Aussie doodle
7/21/2019 18:16:13,Dog,Mac,Mac,5,Boxer/mastiff mix
7/21/2019 18:16:14,Dog,Maximillion Taxi ,Max,9,Lab mix
7/21/2019 18:16:17,Dog,Krypto,Dinky,6,Golden Retriever
7/21/2019 18:16:26,Dog,Bo Jangles,Bo,9-10 mo,Husky/Boxer
7/21/2019 18:16:39,Dog,Brixton,Brixie ,1,Golden Retriever
7/21/2019 18:16:43,Dog,Jasper,Jasper,10,Miniature labradoodle
7/21/2019 18:16:59,Dog,Shadow Montgomery,Lovebug,2,Golden Retriever
7/21/2019 18:17:12,Dog,Scout,Scout,14,Beagle
7/21/2019 18:17:20,Dog,Libby,Libby,12,Golden Retriever
7/21/2019 18:17:22,Dog,Jasper Tucker Oaf,Jasper,11,Black Lab
7/21/2019 18:17:25,Dog,Tazmanian Devik,Taz,9,Mutt
7/21/2019 18:17:34,Dog,Iggy Pup,Iggy,4 months,Miniature double doodle 
7/21/2019 18:17:37,Dog,Lilly,Lilly,12,Labrador Retriever
7/21/2019 18:17:39,Dog,Furrdinand ,Furrdie ,10, Pomeranian 
7/21/2019 18:17:43,Dog,Monster Mayhem,Doodle,8,Dachshund 
7/21/2019 18:17:47,Dog,Watson,Watson ,6,Labrador Retriever
7/21/2019 18:17:47,Dog,Shine,Shine,12,Hound mix
7/21/2019 18:17:52,Dog,Freeney Schnurpel,Freenster,13,Shih Tzu
7/21/2019 18:18:04,Dog,Bella Jean,Bella,No longer with us :(,Chihuahua/yorkie mix 
7/21/2019 18:18:08,Dog,Ratchet,Ratchie,5,Pug/Dachshund 
7/21/2019 18:18:11,Dog,Clifford,Clifford,4,Clumber spaniel
7/21/2019 18:18:16,Dog,Goose,Gooby,1,Rat Terrier Mix
7/21/2019 18:18:24,Dog,Magnus,Munchkin,7,Cairn Terrier
7/21/2019 18:18:25,Dog,Shilohâ€™s Dixie Skye,Dixie ,8,Mini Schnauzer
7/21/2019 18:18:29,Dog,Bootsie,BootsToots,17,Terrier mix
7/21/2019 18:18:35,Dog,Mindy ,Mindy,10,Black Lab
7/21/2019 18:18:43,Dog,Spock,Spock,7,Mixed Breed
7/21/2019 18:18:44,Dog,Merlin,Mer-dog,12,Chesapeake bay retriever 
7/21/2019 18:18:51,Dog,Sylvia Plath,Sylvia,3,German Shorthaired Pointer
7/21/2019 18:18:51,Dog,Smokey Neyland,Smo ,9,Schnoodle 
7/21/2019 18:18:51,Dog,Rufus Tee Hilderbrec,Rufus,11,Shih Tzu
7/21/2019 18:18:52,Dog,Baillie,B or B-Dog,7,Border Collie
7/21/2019 18:18:53,Dog,Sebastian,Bash,4 months,Maltipoo
7/21/2019 18:19:10,Dog,Tess,Tess,13,Border collie cross
7/21/2019 18:19:15,Dog,Zorro,Z,8,Long-haired Chihuahua
7/21/2019 18:19:17,Dog,Deacon ,Deac ,11,Chesapeake bay retriever 
7/21/2019 18:19:54,Dog,Robert Ferguson Mooney,Bobby,6,Golden Retriever
7/21/2019 18:19:58,Dog,James buchanan barnes,Bucky,2,
7/21/2019 18:20:04,Dog,Buddy Boy,Buddy,16,Cocker Spaniel
7/21/2019 18:20:26,Dog,Belle Watling,Belle,2,Maltese
7/21/2019 18:20:32,Dog,Magladon wagladon,Maggie,1,Old English sheepdog
7/21/2019 18:20:38,Dog,Bella,Bella,14,
7/21/2019 18:20:53,Dog,Sophie,Sophie,11,Golden Retriever
7/21/2019 18:20:57,Dog,Stewart Little,Stewie ,16, Pomeranian 
7/21/2019 18:21:00,Dog,Sadie,Sadie,11 months,Golden Retriever
7/21/2019 18:21:01,Dog,Ashley Wilkes,Ash,11,Yorkie Poodle
7/21/2019 18:21:07,Dog,Oliver Jospeh Andrew,Oliver,11-12 (deceased),Golden mix 
7/21/2019 18:21:15,Dog,Rhett,Rhetters,12,English Springer Spaniel
7/21/2019 18:21:23,Dog,Lily,Lil,5 years,Golden Retriever
7/21/2019 18:21:35,Dog,Cookie,CookieMonster,8,Shih Tzu
7/21/2019 18:21:36,Dog,Brutus ,Brutus,10,Great white pyrenees/yellow lab
7/21/2019 18:21:41,Dog,Ralph ,Ralph ,4 months,Golden Retriever
7/21/2019 18:21:44,Dog,Kurt,Kurtis,2,Black mouth cur 
7/21/2019 18:21:46,Dog,Lyra Cristina,Lyra,9 mos,Mixed Breed
7/21/2019 18:21:52,Dog,Bailey bear,Bay girl,6,Lab and German shepherd mix
7/21/2019 18:21:54,Dog,Brooklyn,Brooklyn,Two,Beagle
7/21/2019 18:21:58,Dog,Champion Craig,Champ,14,beagle mix
7/21/2019 18:22:03,Dog,Lennox,Lenny ,4,Shih Tzu
7/21/2019 18:22:11,Dog,Sullivan Otis,Sulley ,10,Catahoula Leopard
7/21/2019 18:22:18,Dog,Hank,Hanky panky,1,Black mouth cur 
7/21/2019 18:22:20,Dog,Allie Nichols,Allie,5,Mutt
7/21/2019 18:22:22,Dog,Lila,Lila,5,Newfoundland
7/21/2019 18:22:28,Dog,Liberty Louise,Libby,9,English Springer Spaniel
7/21/2019 18:22:34,Dog,Jimmy,JimmyJamSunshineMan,5,Shih Tzu
7/21/2019 18:22:38,Dog,Rocky,Rocko,9,Rottweiler
7/21/2019 18:22:47,Dog,Sheldon Michael ,Shel,7,Westin/min pin
7/21/2019 18:22:47,Dog,Jackson,Pupper,3,Australian blue cattle dog
7/21/2019 18:22:53,Dog,Maxwell Amos,Max,10,Catahoula Leopard
7/21/2019 18:23:01,Dog,Margaret Lewis,Maggie,11,Mutt
7/21/2019 18:23:02,Dog,Ginger,Geeper Creeper,10,Golden mix 
7/21/2019 18:23:03,Dog,Gator,Tate ,8,Rottweiler/Irish setter
7/21/2019 18:23:05,Dog,Badger,Badger,12,Dachshund 
7/21/2019 18:23:05,Dog,Beauregard,Beau,22 yesrs,Golden Retriever
7/21/2019 18:23:05,Dog,Buffy,Buffy and/or Buffalo,8,Beagle/jack russell/cow ;)
7/21/2019 18:23:05,Dog,duque,duque,1,Mixed Breed
7/21/2019 18:23:06,Dog,Mika,Mika,5,Husky
7/21/2019 18:23:21,Dog,Scarlett,Little Girl,8,Border Collie
7/21/2019 18:23:21,Dog,Macy,Macy,11,Golden retriever mix
7/21/2019 18:23:22,Dog,Gromit Walker,Gromit,8,Golden Retriever
7/21/2019 18:23:25,Dog,Gracie Lou Freebush ,Gracie,9,Black Lab/Angel 
7/21/2019 18:23:25,Dog,River,River,14 weeks,Husky
7/21/2019 18:23:40,Dog,Olaf,Olaf,4,Chihuahua 
7/21/2019 18:23:41,Dog,Buttons,Buttons (sometimes with a french accent),2,Beagle
7/21/2019 18:23:43,Dog,Stevie James,Steve,9,Maltipoo
7/21/2019 18:23:45,Dog,Mila,Crusty,14,Rottweiler Mix
7/21/2019 18:23:45,Dog,Murphy,Murph ,5 yesrs,Golden Retriever
7/21/2019 18:24:04,Dog,Oscar the Amazing VelcroDog,Oscar,12,Terrier mix
7/21/2019 18:24:05,Dog,Poppy,Poppy,4,Shih Tzu
7/21/2019 18:24:36,Dog,Ellie Mae,Ellie,13,Cocker Spaniel
7/21/2019 18:24:37,Dog,Snowy,Snow,11,Shih Tzu
7/21/2019 18:24:43,Dog,Bruno,Bruno,4,Border Collie
7/21/2019 18:24:54,Dog,Mona,Mona,Died at 12 in 2002,Bluetick beagle
7/21/2019 18:25:16,Dog,Yaz,Yazzy,11,Golden retriever/border collie
7/21/2019 18:25:24,Dog,Princess Leia Organa,Princess,Dead,Mutt
7/21/2019 18:25:28,Dog,Oakley ,Oak,3,Shih Tzu
,,, oakey-doke,,
7/21/2019 18:25:37,Dog,Tinkerbell ,Tinky,4,Chihuahua 
7/21/2019 18:25:48,Dog,Beckett,Beckett or Becky,9,Golden Retriever
7/21/2019 18:26:17,Dog,Logan,Logan,10,Black Lab
7/21/2019 18:26:19,Dog,Daisy Grace,Daisy,8,Mixed Breed
7/21/2019 18:27:21,Dog,Lila Betterhalf ,Lila,13,Greyhound
7/21/2019 18:27:44,Dog,Tula Jean,Tula,1,
7/21/2019 18:27:55,Dog,Odin,Odin,1,Mixed Breed
7/21/2019 18:27:58,Dog,Annie Piker,Annie,8,Greyhound
7/21/2019 18:28:00,Dog,Rusty,Rusty,4,Golden Retriever
7/21/2019 18:28:19,Dog,Stella Luna,Stella,4,Lab mix
7/21/2019 18:28:26,Dog,Pancho Villa,Pacho,12,Pug
7/21/2019 18:28:34,Dog,Waldo,Waldo,9,Cockapoo
7/21/2019 18:28:48,Dog,Yadier,Yadi,4,Golden Retriever
7/21/2019 18:29:10,Dog,Ruby Gem,Ruby,4,Terrier mix
7/21/2019 18:29:11,Dog,BuddyGus,Buddy or Boo,20 months,Golden Retriever
7/21/2019 18:29:13,Dog,Homer ,Homie,5,Springer Spaniel 
7/21/2019 18:29:15,Dog,Pippie,Pippie or Pippo,2,Pit bull/ Bassett hound mix
7/21/2019 18:29:19,Dog,Parker,,6,Beagle
7/21/2019 18:29:20,Dog,Chipper Doodle,Chip,12,Chocolate lab
7/21/2019 18:29:21,Dog,Jack,Jack,7,Labrador Retriever
7/21/2019 18:29:26,Dog,Xena,Xena,14,Miniature Pinscher
,, Warrior Pinscher ,,,
7/21/2019 18:29:35,Dog,Gabby,Gabby,2,Golden Retriever
7/21/2019 18:29:44,Dog,Rosebud,Rosie,10,Beagle
7/21/2019 18:29:57,Dog,Cooper,Coopee ,10,YorkiePoo
7/21/2019 18:30:01,Dog,Shakota,Shakota,12,Siberian Husky
7/21/2019 18:30:09,Dog,Wilbur,Wilby,7,French/English Bulldog 
7/21/2019 18:30:11,Dog,Finn T. Dog,Finn,5 months,Weimaraner 
7/21/2019 18:30:31,Dog,Baylee,Baylee Boo,2,
,,, Taps,,
7/21/2019 18:30:33,Dog,Sprocket,Bark,15 years (would be 17 years today,Mutt
,,, sprock, now deceased, some golden retriever
,,, spark, rescue), some jack russell
,,,,, some whippet)
7/21/2019 18:31:55,Dog,Sophie,Sophie ,13,Maltese mix
7/21/2019 18:32:01,Dog,Sasha,Chunk ,1,Lab/shepherd 
7/21/2019 18:32:57,Dog,Kookie (pronounced cookie) Pants,Noodle,15,Jack Russell Terrier
7/21/2019 18:33:31,Dog,Miss Maisy Cakes,Maisy,1,Mutt
7/21/2019 18:33:38,Dog,Han Solo,Solo,3,English Cocker Spaniel
7/21/2019 18:33:58,Dog,Lillith Anne,Lily,6,Alaskan Husky
7/21/2019 18:34:03,Dog,Michelangelo,Mikey,11,English Cocker Spaniel
7/21/2019 18:34:09,Dog,Freddie Beagle ,Fred or Freddie ,11,Beagle
7/21/2019 18:34:18,Dog,Pieper,Pooper,4,
7/21/2019 18:34:40,Dog,Jacob,Jake,6,Alaskan Husky
7/21/2019 18:35:02,Dog,Titus Augustus,Tidy,9,American Foxhound
7/21/2019 18:35:06,Dog,,Cirrus,2,Poodle
7/21/2019 18:35:15,Dog,Shelby,Shelby,14,Labrador Retriever
7/21/2019 18:35:30,Dog,,Nimbus,0.5,Poodle
7/21/2019 18:35:31,Dog,Finn,Finn,1,Cavalier King Charles Spaniel 
7/21/2019 18:35:37,Dog,Tessie Joan (of Arc),Tessie ,7,American Foxhound
7/21/2019 18:35:38,Dog,Ginger,Ginger,12,Golden Retriever
7/21/2019 18:35:47,Dog,Sadie,Sadie,6,Golden Retriever
7/21/2019 18:35:54,Dog,Flicka,Flicky,12,Labrador Retriever
7/21/2019 18:35:57,Dog,Koda Kingslayer,Koda,2,Golden Retriever
7/21/2019 18:35:58,Dog,Flicka,Flicky,12,Labrador Retriever
7/21/2019 18:36:13,Dog,Maggie,Ms America ,7,Golden Retriever
7/21/2019 18:36:16,Dog,Henry (after Dorian Grey),Henry,1,Brittany
7/21/2019 18:36:26,Dog,Megan,Puppy,10,Mutt
7/21/2019 18:36:49,Dog,Hopper T. Dog,Hops,6,Golden Retriever
7/21/2019 18:36:56,Dog,Snickers,Snickers,10,beagle mix
7/21/2019 18:37:07,Dog,Venkman,Venk,5,Golden Retriever
7/21/2019 18:37:21,Dog,Murphy,Murph,0,Cocker Spaniel
,,,,5,
7/21/2019 18:37:25,Dog,Maggie,Schmieg,12,Golden Retriever
7/21/2019 18:37:38,Dog,Jasmine,Jasmine,13,Golden Retriever
7/21/2019 18:37:53,Dog,Hurley Pearly Sky-Sky,Hurley,7,Shih Tzu
7/21/2019 18:37:54,Dog,Queso,Queso,14,Golden Retriever
7/21/2019 18:38:01,Dog,Breezy Anne,Breezy,5,German Shepherd
7/21/2019 18:38:09,Dog,Riley,Riley,7,Golden Retriever
7/21/2019 18:38:24,Dog,Homer J,Homer,10,Basenji Mix
7/21/2019 18:38:29,Dog,Tucker,Tucker ,7,Golden Retriever
7/21/2019 18:39:10,Dog,Abby,Abby,3ish,Pit bull/Lab/Beagle/Chihuahua Mix/General mutt
7/21/2019 18:39:16,Dog,Cooper Triple Bogey,Coop,9 weeks,Golden Retriever
7/21/2019 18:39:17,Dog,Shelby,Shelby,1,Blue Tick Coonhound/Mountain Cur
7/21/2019 18:39:28,Dog,Oakley Dalton,Oaks,6,
7/21/2019 18:39:30,Dog,Lucy Lou ,Goose,9,Golden Retriever
7/21/2019 18:39:35,Dog,Niles Crane,Niles,4,Border Collie
7/21/2019 18:39:39,Dog,Little Lucky One,Lucky,13,Chihuahua 
7/21/2019 18:39:40,Dog,Benjamin Sebastian,Benjamin,7,Collie basset hound mix.
7/21/2019 18:39:46,Dog,Siris Maximus,Sirius,5,Alaskan Husky
7/21/2019 18:40:00,Dog,Blaze,Blaze,5,Labrador Retriever
7/21/2019 18:40:07,Dog,Brody ,Brody,11,Yorkshire terrier mix
7/21/2019 18:40:26,Dog,Director of Chaos,D.O.C.,4,Boxer
7/21/2019 18:40:56,Dog,Cody,Codes,11,Golden Retriever
7/21/2019 18:41:13,Dog,Emma,Rotta,6,Mittelspitz
7/21/2019 18:41:16,Dog,Isabella Grace,Bella,7,Maltese
7/21/2019 18:41:19,Dog,Cookie Boogie,Boogie,3,
7/21/2019 18:41:23,Dog,Salina,Salina,2,Hound mix
7/21/2019 18:41:34,Dog,Theodore James,Theo,5,Maltese
7/21/2019 18:41:41,Dog,Ofelia,Ofie Lofie,15,Norwich Terrier
7/21/2019 18:41:44,Dog,Hermie,Hermie,3-4 years,Chocolate Lab/Pit Mix
7/21/2019 18:42:14,Dog,Jackson Baines Hardin,Jackson,14,Shepherd mix
,,, Jack,,
7/21/2019 18:42:24,Dog,Rudy,Rudy,12,Black Lab
7/21/2019 18:42:41,Dog,Chuchi,Baby Chu,9,Toy Poodle
7/21/2019 18:42:50,Dog,Belle Silver,Bobo,3,Brittany
7/21/2019 18:43:00,Dog,Phoebe Buffay,Phoeb,4-5 years,Staffordshire Terrier 
7/21/2019 18:43:03,Dog,Precious Presley ,Presley ,1,Lab mix
7/21/2019 18:43:20,Dog,Sarah Jessica Parker,Parker,8,Beagle
7/21/2019 18:43:49,Dog,Princess Leah ,Leah,8,Miniature schnauzer 
7/21/2019 18:44:10,Dog,Mr Duke of Carol Stream,Boo-Boo,10,Labrador Retriever
7/21/2019 18:44:28,Dog,Bruno Mars ,Bruno ,4,Shih Tzu
7/21/2019 18:44:36,Dog,Reggie,Reg,8,Border Collie
7/21/2019 18:44:48,Dog,Twixie,Gooben,2,Unknown
7/21/2019 18:44:51,Dog,Kody,Kode,10,Golden Retriever
7/21/2019 18:44:57,Dog,Maverick Clinton ,Maverick ,10,Labrador Retriever
7/21/2019 18:45:16,Dog,Sven,Bean,5,German Shepherd
7/21/2019 18:45:21,Dog,Lola,Lola,11,Poodle mix 
7/21/2019 18:45:31,Dog,Sophie,Sophie,2 years,Rottweiler
7/21/2019 18:45:40,Dog,Lily Potter,Lil,2,German Shepherd
7/21/2019 18:45:52,Dog,Dougie McFly,Dougie,11,Cairn Terrier
7/21/2019 18:45:57,Dog,RileyRoo,Riley,2,Mutt
7/21/2019 18:46:04,Dog,Dobby,Boober ,4,Pembroke Welsh Corgi
7/21/2019 18:47:07,Dog,Lando,Lando,5,Bernese Mountain Dog
7/21/2019 18:47:17,Dog,Tucker Paul,Tuck Tuck,6,Pitbull
7/21/2019 18:47:56,Dog,Schnitzel Von Krumm,Ninnel,11,Miniature Dachshund
7/21/2019 18:48:10,Dog,Wrigley,Wriglry pigley,13,Beagle
7/21/2019 18:48:39,Dog,Wally,Wal,4 months,Golden Retriever
7/21/2019 18:48:56,Dog,Snickers,Doodle ,11,Beagle
7/21/2019 18:49:14,Dog,Charlie,Charlie,9,Cockapoo
7/21/2019 18:49:16,Dog,Pepper,Pep,9.5 months,Cocker Spaniel
7/21/2019 18:49:16,Dog,Brownie,Brownie ,13,Beagle
7/21/2019 18:49:35,Dog,Echo,Beck,3,Corgi mix 
7/21/2019 18:49:52,Dog,Banky,Banky,10,Basset Hound
7/21/2019 18:49:56,Dog,Koda,Koda,6,Chihuahua 
7/21/2019 18:50:10,Dog,Clifford,Cliff,6,Lab mix
7/21/2019 18:50:12,Dog,Coco,Coco Bear,7,Morkie (Maltese/Yorkie)
7/21/2019 18:50:16,Dog,Charlie,Charlie,8,Pitbull
7/21/2019 18:50:21,Dog,Mojo,Moj,5,Chiweenie
7/21/2019 18:50:40,Dog,Hank,Hank,2,Boxer mix 
7/21/2019 18:51:12,Dog,Sebastian,Fritz,15,Italian greyhound and jack russell 
7/21/2019 18:52:13,Dog,Hank,Hanky,2,Yellow lab
7/21/2019 18:52:28,Dog,Ella,Ells Bells,14.5,Cocker Spaniel
7/21/2019 18:52:30,Dog,Frappuccino,Frappie,7,Labradoodle
7/21/2019 18:52:41,Dog,Gracie,Grace,12,Shih Tzu
7/21/2019 18:52:57,Dog,Phoebe,Phoebe,2,Goldendoodle
7/21/2019 18:53:04,Dog,Uma Strawn McGuire,Uma,4,Golden mix 
7/21/2019 18:53:06,Dog,Buster,Boop squared,13ish,Terrierist
7/21/2019 18:53:22,Dog,Eva Marie,Eva,3,Chihuahua 
7/21/2019 18:53:30,Dog,Mia Hamm,Mia,11,Golden Retriever
7/21/2019 18:53:38,Dog,alia atreides,allie,5,Mutt
7/21/2019 18:54:32,Dog,lexie,lex,10 months,Golden Retriever
7/21/2019 18:54:44,Dog,Bernard,Bernard ,5,Boxer
7/21/2019 18:55:10,Dog,Myles - his roman name is Squirtacus Mylonius,Myles,10,Cockapoo
7/21/2019 18:55:29,Dog,Millie,Millie,9.5,Shepherd mix
7/21/2019 18:55:43,Dog,Bodhi,Bo,6,Golden Retriever
7/21/2019 18:55:55,Dog,Mooch,Mooch,9,Terrier mix
7/21/2019 18:55:56,Dog,Piper,Pipes,4,Woodle (wheaton terrier/poodle)
7/21/2019 18:56:07,Dog,Charles,Charlie,10,Corgi
7/21/2019 18:56:19,Dog,Willow,Willow,3,Sheepadoodle
7/21/2019 18:56:29,Dog,Glamis Schedule K1,Kona,5,Golden Retriever
7/21/2019 18:56:50,Dog,Bandit Raye,Bandi,12,Farm dog
7/21/2019 18:57:28,Dog,Anderson,Andy,12,Lab mix
7/21/2019 18:58:08,Dog,Mars Harambe,Pickle,3,Catahoula mix
7/21/2019 18:58:15,Dog,Claudio Atlas Wolfric,Claudio ,8,Dachshund 
7/21/2019 18:58:43,Dog,Lawson H Dog,Hogan,16,Briard
7/21/2019 19:00:08,Dog,Tucker,Tucker,1,Bully mix
,,, dude,,
,,, bud ,,
7/21/2019 19:00:49,Dog,Ames,Ames,5,Husky
7/21/2019 19:01:03,Dog,Franc,Franc,4 months,Mastiff cross
7/21/2019 19:02:05,Dog,Oliver Jackson ,Oliver/Baby/Little Man,5 1/2 years,Morkie
7/21/2019 19:02:07,Dog,Dolly Doodle Dogger,Dolly,6,Labradoodle
7/21/2019 19:02:32,Dog,Cassie,Cassie,5,Mixed Breed
7/21/2019 19:02:46,Dog,Logan,Logan brogran,Two,Rhodesian Ridgeback 
7/21/2019 19:02:46,Dog,Basil,Basil,7,Lab/German Shepard mix
7/21/2019 19:02:53,Dog,Marble,Marble,5,Plott/Coonhound mix
7/21/2019 19:03:05,Dog,Hollie,Hollie,14,Westie
7/21/2019 19:03:15,Dog,Cash Money,Cashie,2,Labrador Retriever
7/21/2019 19:03:29,Dog,Seamus,Shamie Bameee,11,Rhodesian Ridgeback 
7/21/2019 19:03:50,Dog,Nash,Nash,2,Labrador Retriever
7/21/2019 19:04:11,Dog,Sian Ben Ryan,Sian or Sisi,14,Westie
7/21/2019 19:04:22,Dog,Bear 2,Bear,7.5,Retriever Mix
7/21/2019 19:05:01,Dog,Charles Barrath McIntyre,Barry,6,Basset Hound
7/21/2019 19:05:33,Dog,Margeurite Larioux Gonzales,Maggie,6,Chihuahua-Lab
7/21/2019 19:05:38,Dog,Rusty,Rusty,2,Fox red lab
7/21/2019 19:05:51,Dog,Starfire,Star,15,Maltese poodle
7/21/2019 19:05:52,Dog,Nova,Nova,2-3,Mixed Breed
,,,,, papillon
,,,,,Chihuahua 
,,,,,Cavalier
7/21/2019 19:05:53,Dog,Dinty,The Dint,5ish,Terrier mix
7/21/2019 19:06:28,Dog,Kadie Jo,Kadie Jo,6,Labrador Retriever
7/21/2019 19:07:26,Dog,Daisy Duke,Daisy ,4,Siberian husky/Brittany spaniel cross
7/21/2019 19:08:23,Dog,Sunny Sunday Sky,Sunny,15.5 years,Beagle
7/21/2019 19:08:54,Dog,Bailey,Bailey ,3,Border collie mix
7/21/2019 19:09:49,Dog,Bosco Spaghettio,Bosco,9,Border collie mix
7/21/2019 19:10:04,Dog,Tansei,Duffus,7,Shiba Inu
7/21/2019 19:11:28,Dog,Molly,Molly,16,Golden Retriever
7/21/2019 19:11:29,Dog,Duke Dukington,Duka,3,Chihuahua mix
7/21/2019 19:12:21,Dog,Prince Phillip the 2nd,Phillip,12,West Highland White Terrier
,,, Daddy-o,,
7/21/2019 19:13:28,Dog,Petey,Petey poopoo head,11,West Highland White Terrier
7/21/2019 19:13:57,Dog,President Nixon ,Nixy ,8,Mixed Breed
7/21/2019 19:14:02,Dog,Daisy Doodle Fat Kid with Butt Spots,Daisy ,4,Hound x
7/21/2019 19:14:07,Dog,Benry of Willowbrook,Benry,8,Golden Retriever
7/21/2019 19:14:44,Dog,Qoda,Qoda,2,Golden Retriever
,,,,5,
7/21/2019 19:15:16,Dog,Ziggy Starsog,Zig,1.5,Hound x
7/21/2019 19:15:17,Dog,Samuel Labrador,Sam,13,Labrador
7/21/2019 19:17:41,Dog,Bentley Boy,Bentley,13,Shih tzu/Bichon 
7/21/2019 19:17:43,Dog,Taco Belle ,Taco,So so old,Taco
7/21/2019 19:17:43,Dog,Pluto,Pluto,Deceased,Golden Retriever
7/21/2019 19:18:55,Dog,Toby,Toby,6,beagle mix
7/21/2019 19:19:07,Dog,Harlee ,Harlee,3,Anatolian Shepherd
7/21/2019 19:20:34,Dog,Nessa,Nessa,1,Golden Retriever
7/21/2019 19:21:18,Dog,Biscuit Bandit ,Bandit,3,Labrador
7/21/2019 19:21:30,Dog,The Real Slim Sadie ,Sadie ,1.5,Golden Retriever
7/21/2019 19:21:30,Dog,Quincy Sugarplum,Quincy ,3,Golden Retriever
7/21/2019 19:21:52,Dog,Skipper Doo,Skip,4,Yorkie 
7/21/2019 19:21:59,Dog,Sam Ruffalo,Sam,6,Golden Retriever/Lab Mix
7/21/2019 19:22:05,Dog,Brutus Buckeye,Brutus ,Just passed away at age 11,Golden Retriever
7/21/2019 19:22:49,Dog,crespo ,crespo or baby ðŸ˜‚,12,Shih Tzu mix 
7/21/2019 19:22:58,Dog,Rossignol,Rozzie,Dead,Siberian Husky
7/21/2019 19:23:55,Dog,Pepper,Pepper,4,Mixed Breed
7/21/2019 19:24:04,Dog,Amaya,Maya,6,Siberian Husky
7/21/2019 19:25:15,Dog,Tiger ,Tiger,12,
7/21/2019 19:25:27,Dog,Bonnie,Bonnie,8,Westie
7/21/2019 19:26:21,Dog,Abby,abby,11,Cavalier King Charles Spaniel 
7/21/2019 19:26:49,Dog,Cooper,Coop,7,Labrador
7/21/2019 19:27:37,Dog,Chase,Chase,3,Husky mix
7/21/2019 19:27:52,Dog,Riley Jenkins,Riley,18 months,Golden Retriever
7/21/2019 19:27:52,Dog,Montgomery T Dog ,Monty,2,Dalmatian labrador Cross 
,,, monkey,,
,,, monkeyrunk,,
,,, ,,
7/21/2019 19:28:36,Dog,Nana Roo,Nana,5,German Shepherd
7/21/2019 19:29:31,Dog,Callie,Cal Gal (the golden),3,Golden Retriever
7/21/2019 19:29:31,Dog,Rocco Norbert,Rocco,10,Golden Retriever / Chow
7/21/2019 19:29:34,Dog,Jack,Jack,3,Terrier something or other
7/21/2019 19:29:52,Dog,Ted,Ted,6 months,Welsh Terrier
7/21/2019 19:30:01,Dog,Jaida Lynn,Jaida,12,Black lab / terrier
7/21/2019 19:30:39,Dog,Daisy Lulu,Daisy,9,Toy Poodle
7/21/2019 19:32:21,Dog,Titus ,Titus ,7,Labrador
7/21/2019 19:32:40,Dog,Cookie Asparagus ,Cookie,11,Chihuahua Jack Russell Terrier
7/21/2019 19:32:42,Dog,Tessa Leigh,Tessa,11,Labradoodle
7/21/2019 19:32:49,Dog,Ali,Ali,5,Greyhound
7/21/2019 19:32:56,Dog,Daisy,Daisy/Dandelion,4,Lab mix
7/21/2019 19:33:02,Dog,Lucky,Luck luck ,5,Labrador
7/21/2019 19:33:23,Dog,Harper Jean,Harper Jean,1.5,German Shepherd mix
7/21/2019 19:33:49,Dog,Max-well,Max,Six,Golden Retriever
7/21/2019 19:33:53,Dog,Mica,Mica,6,Lab mix
7/21/2019 19:35:43,Dog,Sylvester Balboa,Sly,6,Golden Retriever
7/21/2019 19:35:56,Dog,Mia Roo ,Mia,11,Australian Shepherd
7/21/2019 19:36:15,Dog,Casper Tiberus,Casp,4,Mixed Breed
7/21/2019 19:36:16,Dog,Chummy,Chumbles,5,Labradoodle
7/21/2019 19:36:33,Dog,Luna Bean ,Luna,7,Italian greyhound x chihuahua
7/21/2019 19:37:07,Dog,Sofie Tooter Scooter ,Sofie,7,Chihuahua 
7/21/2019 19:37:17,Dog,Mojo,Mojo,5,Labradoodle
7/21/2019 19:37:27,Dog,Grace,Grace,1 year,Mixed Breed
7/21/2019 19:37:43,Dog,Frankie,Frankie,1,Mixed Breed
7/21/2019 19:37:53,Dog,Osa,Osa,9,Akita husky mix 
7/21/2019 19:37:58,Dog,Dixie,Dixie,12 or 13,Pitbull mix
7/21/2019 19:38:15,Dog,Nina,Nina,7,West Highland White Terrier
7/21/2019 19:39:10,Dog,Rachel,Rachel ,8,Schnauzer 
7/21/2019 19:40:12,Dog,Piper,Piper,9,Labrador Retriever
7/21/2019 19:40:14,Dog,Bella,Belly,10,Yorkie 
7/21/2019 19:40:20,Dog,Queen Khaleesi,Queenie,12,Mountain Dog mix
7/21/2019 19:40:55,Dog,Bridget ,Bridgy,15,Mutt
,,, Pookie bridge ,,
7/21/2019 19:40:59,Dog,Bodacious ,Bodie,14,Black Labrador Retriever
7/21/2019 19:41:22,Dog,Mama Rose,Rosie ,7,Pitbull
7/21/2019 19:41:25,Dog,Augustus,Gus,Almost 8 ,Golden Retriever
7/21/2019 19:42:53,Dog,Tater,Tater,3 months,Labrador & great pieraneese
7/21/2019 19:43:16,Dog,Beverly Ann,Beverlana,13,Golden Retriever
7/21/2019 19:43:41,Dog,Cora Smalls,Cora,3,Havanese 
7/21/2019 19:43:41,Dog,Jasper,Jasper,16,dalmation/beagle
7/21/2019 19:43:50,Dog,Caleb, caliber ,1.5,Blue Tick Coon Hound
7/21/2019 19:44:11,Dog,Tonka,Tonks,8,Newfoundland
,,, Tonkers,,
,,, Sir Tail,,
7/21/2019 19:45:14,Dog,Hank,Baby,2,Boxer
7/21/2019 19:45:27,Dog,Brandy,Puddin,5,Lab/pitbull mix
7/21/2019 19:45:55,Dog,Sir Squeaksalot the Second,Twoie,9,Chinese Crested Powder Ouff
7/21/2019 19:48:11,Dog,Colby Jack,Jack,5,German Shepherd
7/21/2019 19:48:15,Dog,Cooper,Coop,6 weeks (is coming home in 2 weeks!),Labradoodle
7/21/2019 19:48:27,Dog,Murphy,Murph,1,Goldendoodle
7/21/2019 19:49:36,Dog,Phineas,,7,irish soft-coated wheaten terrier
7/21/2019 19:49:40,Dog,Peach,Peach,2,Mixed Breed
7/21/2019 19:49:55,Dog,moose alexander,moose,8 months,Maltipoo
7/21/2019 19:50:57,Dog,Ruby,Ruebs,6,Rhodesian Ridgeback 
7/21/2019 19:51:44,Dog,Ruby,Ruby,4,Labrador Retriever
7/21/2019 19:52:21,Dog,Min Ottende Bold,Otte,9,Black Lab
7/21/2019 19:53:19,Dog,Min fine Nimina Beana,Mina,6,Yellow Labrador 
7/21/2019 19:53:31,Dog,Lucy,Lu,3,Great Pyrenees 
7/21/2019 19:54:23,Dog,lucy lu,luey,4,Basset Hound
7/21/2019 19:54:58,Dog,Katniss Underfoot,Katniss,9,Pit bull ish
7/21/2019 19:56:27,Dog,Sadie,Sayd,13,Border Collie
7/21/2019 19:56:30,Dog,Coco  Chanel mademoiselle ,Coco,5,Golden Retriever
7/21/2019 19:56:48,Dog,Maggie,Mags,8,Border Collie
7/21/2019 19:58:07,Dog,Gunner baker,Gunner ,12,Labrador
7/21/2019 19:58:49,Dog,April in Paris ,Paris ,6,Golden Retriever
7/21/2019 19:59:55,Dog,Felix,Felix,2,
7/21/2019 20:00:01,Dog,Woodruff,Woody,10,Saint Bernard/Cocker Spaniel
7/21/2019 20:01:12,Dog,Kitty take your gloves off,Reba ,8,Golden Retriever
7/21/2019 20:02:25,Dog,Mulligan,Mull,12,Golden
7/21/2019 20:02:32,Dog,Loki,Loki aka goof ball ,8 months,Golden Retriever
7/21/2019 20:03:26,Dog,Okemo,Okemo,8,Australian Cattle Dog
7/21/2019 20:03:29,Dog,Beau,Beau,1 1/2,Golden retriever mix
7/21/2019 20:04:33,Dog,Zack attack,Zack,10,Golden Retriever
7/21/2019 20:05:02,Dog,Kendall,Kendall,4,Hound lab mix
7/21/2019 20:05:13,Dog,Bailey,Bailey,1,Lab/pointer
7/21/2019 20:05:26,Dog,Ranger,Ranger,11,German Shepherd/Husky
7/21/2019 20:05:28,Dog,Dan,Dan,12,Basenji Mix
7/21/2019 20:05:32,Dog,Sir Maximillion of Binghamton,Max,10,Golden Retriever
7/21/2019 20:05:35,Dog,Freya,Freya,3,Pointer/sharpei
7/21/2019 20:05:57,Dog,Jackson,Jax,14,Golden mix 
7/21/2019 20:06:09,Dog,Kurama,Kdog,3,
7/21/2019 20:06:13,Dog,Luchik,Luchik or Luci,5,White German Shepherd-Husky
7/21/2019 20:06:24,Dog,Pippi Hyde,Pippi,11,Cocker Spaniel
7/21/2019 20:06:50,Dog,Pearly,Pearl,5.5,Husky mix
7/21/2019 20:07:18,Dog,Walter,Walty,Six,Spaniel Mix
7/21/2019 20:07:49,Dog,Buddy of Bailey's Irish Cream,Buddy,11,Black Lab
7/21/2019 20:08:05,Dog,Belle,Belle,15,Golden Retriever
7/21/2019 20:08:26,Dog,Zoe Marie,Zoe,6,German Shepherd mix
7/21/2019 20:08:48,Dog,Wilson,Wilson,4,Lab mix
7/21/2019 20:09:30,Dog,Reesie ,Reesie,14,Yorkshire Terrier
7/21/2019 20:10:08,Dog,Bocephus Ray,Bo,6,German Shepherd mix
7/21/2019 20:10:18,Dog,Gunner,Gunny,5,Yellow lab
7/21/2019 20:10:24,Dog,Stella,Stella,12,Daschund mix
7/21/2019 20:10:25,Dog,Bailey's Irish Cream,Bailey,13 (crossed rainbow bridge 2016),"""Black Golden Retriever"" (GR/choc lab)"
7/21/2019 20:10:54,Dog,Poppy,Pops,16,Jack Russell
7/21/2019 20:11:13,Dog,Nina,Beans,12 1/2,Flat Coated Retriever 
7/21/2019 20:14:02,Dog,Charlotte,Char,4,Beagle/Jack Russel
7/21/2019 20:14:02,Dog,Ms. Cuddles,Cuddles,13.75,"""Chiffon"" (Shih Tzu/Brussels Griffon)"
7/21/2019 20:14:29,Dog,Wayne Rooney,Roo,13,Border Collie
7/21/2019 20:14:34,Dog,Snack,Snack,2,Rottweiler/cocker spaniel mix
7/21/2019 20:15:54,Dog,Hazel,Zelly,3,Golden Retriever
,,, ZZ,,
,,, Hayzelly,,
7/21/2019 20:15:57,Dog,Luna Calamity Barnes,Luna,9,Mutt
7/21/2019 20:16:19,Dog,Hiro Barnes,Hiro,5,Mutt
7/21/2019 20:16:33,Dog,Ramsey,Ramsey,4 months,Labrador
7/21/2019 20:16:33,Dog,Stella Diane,Stella,6,Havanese type mix 
7/21/2019 20:16:55,Dog,Trigger ,Trig,4,Labrador Retriever
7/21/2019 20:18:31,Dog,HÃ©loÃ¯se,HÃ©loÃ¯se ,9-11 (est.),Papillon mix
7/21/2019 20:19:47,Dog,Scout McGee,Scout,12,Spitz
7/21/2019 20:20:22,Dog,Milo,Milo,2,Golden Retriever
7/21/2019 20:20:34,Dog,Kolbie,Kolbie,10,Beagle
7/21/2019 20:20:52,Dog,Rhyannon's Princess Nikita,Nikki,10.5,Siberian Husky
7/21/2019 20:22:18,Dog,Malcolm P. Dog,Malcolm,17,Mix/mutt/disaster
7/21/2019 20:23:14,Dog,Maxwell T. Bone,Max (Alias: BrownDog),11,Chocolate lab
7/21/2019 20:24:32,Dog,Indy,Indy,8,Poodle/beagle
7/21/2019 20:24:39,Dog,Cody Fluffball,Cody ,11,Golden Retriever
7/21/2019 20:24:59,Dog,Fudge,Fudgie ,6,Pug/beagle mix
7/21/2019 20:25:32,Dog,Mia,Mia,13,Golden Retriever
7/21/2019 20:27:06,Dog,Megan Gabriela Ortega,Moo,11,Boxer
7/21/2019 20:27:12,Dog,Bel,Bel,7,Cocker Spaniel
7/21/2019 20:27:23,Dog,Artie,Artie Party,14,Golden Retriever
7/21/2019 20:27:35,Dog,Snickers,Snickers,9,beagle/german shepherd mix
7/21/2019 20:27:46,Dog,Blue,Blue,7,Blue heeler mix
7/21/2019 20:28:14,Dog,Wally,WaWa,2,Golden retriever mix
7/21/2019 20:28:28,Dog,Copper,Copper,10,Chihuahua mix
7/21/2019 20:31:32,Dog,Juliet,Jules,2,Pitbull
7/21/2019 20:32:07,Dog,Dasher,Dash,8,Spanador
7/21/2019 20:32:18,Dog,Grace,Gracie,5,Labrador Retriever
7/21/2019 20:32:35,Dog,Ruby,Ruby,12,Mutt
7/21/2019 20:32:50,Dog,Levi,Lee,6,Australian Shepherd
7/21/2019 20:33:34,Dog,Elle Loki Bean,Bellie,1,Boxer mix 
7/21/2019 20:34:20,Dog,Dorthea Dix,Doge,5,Golden Retriever
7/21/2019 20:34:21,Dog,Layla Bo Peep,Layla,4 months,Puggle
7/21/2019 20:34:39,Dog,Rocky,Rocky ,12,Beagle mutt 
7/21/2019 20:35:10,Dog,Tillith,Tilly/TillBear,8,Hound mix
7/21/2019 20:36:01,Dog,Rollo,Rollo,3.5,Yellow lab
7/21/2019 20:37:12,Dog,Nisku,Nisku,2,German Shepherd mix
7/21/2019 20:37:54,Dog,Sadie Jo,Sadie or Tato,5,Yellow Labrador Retriever
7/21/2019 20:38:06,Dog,Lady,lady,9,Bernese Mountain Dog
7/21/2019 20:38:20,Dog,Sammy Q,Sam,10 years,Golden retriever mix
7/21/2019 20:40:56,Dog,Oliver Phish,Oliver,2,Pitbull mix
7/21/2019 20:41:12,Dog,Cleopatra,cleo,6,Italian mastiff
7/21/2019 20:41:18,Dog,Birdie,Birdir,1,Labradoodle
7/21/2019 20:41:58,Dog,Murphy,Murph,7 mo,Golden Retriever
7/21/2019 20:42:36,Dog,Ryder,Ryder,14,Yellow lab mix
7/21/2019 20:42:55,Dog,Talani Snowmageddon ,Milo,4.5 mos,Golden Retriever
7/21/2019 20:42:57,Dog,Winnie the Blue,Winnie,11 months,Pitbull
7/21/2019 20:43:32,Dog,Scarlett,Scarlett,3 months,Cavalier King Charles Spaniel 
7/21/2019 20:43:35,Dog,Gus,Gus,11 years,Golden Retriever
7/21/2019 20:43:20,Dog,Dixie Marie,Dixie,8,St. Bernard
7/21/2019 20:43:40,Dog,Heidi,Heidi,2,St. Bernard
7/21/2019 20:44:00,Dog,Phin,Phin,2,St. Bernard
7/21/2019 20:44:19,Dog,Jager,Jager,12 years,Labrador Retriever
7/21/2019 20:45:09,Dog,Brown Bear,Bear,7,
7/21/2019 20:45:48,Dog,Lucy,Lucy,4,Golden Retriever
7/21/2019 20:46:36,Dog,Kahlua ,Chicky-chix,10monthd,Mutt
7/21/2019 20:47:04,Dog,Baylei,Stinky,1 year,Silver lab
7/21/2019 20:47:20,Dog,Baylei,Stinky,1 year,Silver lab
7/21/2019 20:48:03,Dog,Rocky,Rocky,5,Pitbull/lab mix
7/21/2019 20:48:26,Dog,Abigail,Abby,4,Pitbull
7/21/2019 20:48:36,Dog,Kira ,Kira/Squishy ,15,Beagle
7/21/2019 20:48:40,Dog,Sammy,Sam sam,6,Golden Retriever/Lab Mix
7/21/2019 20:49:40,Dog,Piper Marie,Piper,4,Newfoundland mix
7/21/2019 20:50:02,Dog,Charlene ,Charlie,12,Lab mix
7/21/2019 20:52:02,Dog,Thor Mighty God of Thunder,Thor,9,Dachshund mix 
7/21/2019 20:52:26,Dog,Cody Anne,Cody,2 years,Golden Retriever
7/21/2019 20:52:50,Dog,Tessa,Tessa,11,German Shepherd Dog
7/21/2019 20:55:21,Dog,Lily,Lily,10,Shepherd chow mix
7/21/2019 20:55:28,Dog,Butters,Butters,9,Shepherd mix
7/21/2019 20:55:56,Dog,Marigold,Marigold,8,Heinz 57 mutt
7/21/2019 20:55:56,Dog,Prince Romeo,Romey,8,Miniature Pinscher
7/21/2019 20:58:04,Dog,Snickers the First,Snickers,6,YorkiePoo
,, Head Woofer,,,
7/21/2019 20:58:54,Dog,Lucky,Lucky,3,Lab/blue heeler/mixed breed
7/21/2019 20:59:08,Dog,Ares,Ares,8,Olde English Bulldog
7/21/2019 20:59:41,Dog,Maximillian ,Max,13,Golden Retriever
7/21/2019 20:59:43,Dog,Rogue,Rogue,6,Border collie/weimerheimer/mixed breed
7/21/2019 21:00:58,Dog,Ace,,1,American Hairless Terrier
7/21/2019 21:01:22,Dog,Ava,,4,American Hairless Terrier
7/21/2019 21:01:47,Dog,Winnifred,Winnie,6,Shih-Tzu Poodle Mix
7/21/2019 21:02:36,Dog,Mika,Mika,8,Pitbull/lab mix
7/21/2019 21:03:22,Dog,Charlie Elizabeth Begonias ,Charlie ,5,Labradoodle
7/21/2019 21:04:15,Dog,Jack Ass,Jack,5,Border Collie Australian shepherd mix 
,,, Jackie,,
7/21/2019 21:06:45,Dog,Dan,Digger,13,Pug
7/21/2019 21:07:24,Dog,Koko,Koko,4,French Bulldog
7/21/2019 21:07:42,Dog,Archibald,Archie,2,Golden Retriever
7/21/2019 21:07:48,Dog,Sassie,Sassie,19,Poodle
7/21/2019 21:08:10,Dog,Zoe,Zoe,12,Shih tzu/ poodle
7/21/2019 21:09:23,Dog,Bobo,Bobes ,10,Mutt
7/21/2019 21:11:03,Dog,Isiah Thomas,Izzy,3 months,Mainecoon
7/21/2019 21:11:45,Dog,Sir Pete the Pup,Pete,12,Chihuahua 
7/21/2019 21:11:59,Dog,Roux Stir,Roux,8,Catahoula mix
7/21/2019 21:12:26,Dog,Lucy Scramble ,Lucy,5,Boxer
7/21/2019 21:13:17,Dog,Junebug ,Junebug,10,Shepherd mix
7/21/2019 21:13:26,Dog,Crinkle,Crink-a-dink,7,Rhodesian Ridgeback 
7/21/2019 21:18:59,Dog,Smokey,Spooky,14,Mutt
7/21/2019 21:19:25,Dog,Daisy May,Daisy ,3,Lab mix
7/21/2019 21:20:10,Dog,Crimson,Crimson,9,Beagle & Lab/German Shepherd mix
7/21/2019 21:20:34,Dog,Tide,Tide Dog,9,Beagle & Lab/German Shepherd mix
7/21/2019 21:21:17,Dog,Sophie,Sophie,10,Lab & Jack Russell Mix
7/21/2019 21:21:17,Dog,Sir Nigel Petrie of the Poofybottom Clan,Nigel,12,Pomeranian/terrier mix
7/21/2019 21:23:40,Dog,Tobi,Bobo,10,Newfoundland/St. Bernard
,,, Tib Tob,,
,,, Tibbi Bibbi,,
,,, Corn Chip,,
7/21/2019 21:24:35,Dog,Bruin ,Bru ,7,Golden Retriever
7/21/2019 21:26:37,Dog,Lucinda Jean,Lucy,1,Golden Retriever
7/21/2019 21:27:05,Dog,Dave,Dave,4.5,Golden Retriever
7/21/2019 21:28:51,Dog,Harper Valley,Harper,3 months,Dachshund 
7/21/2019 21:29:36,Dog,Buster Brown,Buster,11,Mutt (boxer
,,,,,Pug
,,,,,Beagle
,,,,, Boston terrier mix possibly)
7/21/2019 21:29:57,Dog,Leila ,Leila!!,5ish,Pointer 
7/21/2019 21:30:00,Dog,Trixie,Trixie Treat,3,Golden Retriever
7/21/2019 21:31:26,Dog,Archer,Archibald ,9ish,Lab mix
7/21/2019 21:32:23,Dog,Josie Pancakes Fluffybottom,Josie,8,Heinz 57
7/21/2019 21:39:23,Dog,Zeus,Zu,1 1/2,Great Dane 
7/21/2019 21:39:27,Dog,Shooter,Shooter,8,Blue Heeler
7/21/2019 21:39:42,Dog,Ellie,Ellie,8,Yellow lab
7/21/2019 21:40:04,Dog,Macie,Mace,8,Golden
7/21/2019 21:40:29,Dog,Maddie,Bubbis,17,Shih Tzu
7/21/2019 21:43:54,Dog,Squirt,Squirt,7,Bulldog
7/21/2019 21:43:30,Dog,Samantha Marie,Sammie,8,Mutt
7/21/2019 21:44:06,Dog,Quincy,Quincy,5,Chow mix
7/21/2019 21:44:40,Dog,Cajun ,Cajun ,6 1/2,Golden lab mix
7/21/2019 21:45:11,Dog,Duke,Dukie Doo,3,Pitbull
7/21/2019 21:45:51,Dog,Daisy,Daisy Dee,3,Pitbull
7/21/2019 21:46:02,Dog,Nico,Nico,4,Pug/Boston Terrier Mix
7/21/2019 21:46:07,Dog,Chance McCoy ,Chance,10,Golden Retriever
7/21/2019 21:46:35,Dog,Kobi,Kobi,11,Pitbull mix
7/21/2019 21:47:09,Dog,Maila ,Maila Moose,1,South African Mastiff
7/21/2019 21:48:45,Dog,Phineas,Phin,3,Labrador
7/21/2019 21:48:57,Dog,Cody,Vody,20,Labrador Retriever
7/21/2019 21:50:38,Dog,Perry,Perry,3,Labrador
7/21/2019 21:50:55,Dog,Call it a night Sir Dudley,Dudley,5 years,Golden Retriever
7/21/2019 21:51:40,Dog,Madison Brooke,Maddy,7 years old,Foxhound
7/21/2019 21:52:15,Dog,Like Francis,Luke,8 years old,Treeing Walker Coonhound Mix
7/21/2019 21:55:30,Dog,Pilikia,Pili,14,Chihuahua 
7/21/2019 21:57:00,Dog,Mia Pieper,Mia ,3,Black lab/ greyhound mix 
7/21/2019 21:59:31,Dog,Pepper Potts,Pepper,6,Golden Retriever
7/21/2019 22:00:01,Dog,Scruffy,Scruffy,Dead,Mutt
7/21/2019 22:01:50,Dog,Princess Jessi,Jessi,7,
7/21/2019 22:00:27,Dog,Mowgli,,1,Labrador
7/21/2019 22:00:40,Dog,,,2,Labrador
7/21/2019 22:01:12,Dog,Wille,Willie,8,
7/21/2019 22:02:16,Dog,Otto,Otto,1.5,Doberman/Basset Hound
7/21/2019 22:03:14,Dog,Optimus,Opti,7,Maltese
7/21/2019 22:05:51,Dog,Memphis Mumford ,Memphis,2,Cane Corso Mastiff
7/21/2019 22:06:28,Dog,Louie,Louie,6,Lab/bloodhound mix
7/21/2019 22:06:50,Dog,Anna,Anna,5,
7/21/2019 22:07:20,Dog,Chester ,Chester,13,Nova Scotia Duck Toller
7/21/2019 22:07:31,Dog,Zeus Theodore,Zeus,7,Schnoodle (schnauzer/poodle)
7/21/2019 22:07:42,Dog,Ripley,Ripley,13,Golden Retriever
7/21/2019 22:07:45,Dog,Beau,Beau Beau ,4,Goldendoodle
7/21/2019 22:08:06,Dog,Lucy,Lucy,9,Golden Retriever
7/21/2019 22:08:46,Dog,Penelope ,Penny,3,Maltese
7/21/2019 22:08:46,Dog,Callie,Cal,4,Golden Retriever
7/21/2019 22:08:21,Dog,Jake,Jakey poo poo head,2,Goldendoodle
7/21/2019 22:09:28,Dog,Willie,Willie,2.5,Lab mix
7/21/2019 22:12:42,Dog,package,package,1,Dalmatian mix
7/21/2019 22:13:19,Dog,Luna,Luna,5,Yorkie 
7/21/2019 22:13:39,Dog,Delilah,Lila,4,Labrador
7/21/2019 22:16:31,Dog,Josephine ,Josie,4,Border Collie/Pit Mix 
7/21/2019 22:17:49,Dog,Russell D.,Rusty,9,Mutt
7/21/2019 22:17:51,Dog,Excalibur Insubordinate Oâ€™Mallie IX ,Cali ,2,Golden Retriever
7/21/2019 22:18:58,Dog,Darth Vada Mae,Vada,7,Border collie/corgi
7/21/2019 22:19:33,Dog,Butterscotch,Butters,9? 10???,Mutt
7/21/2019 22:19:56,Dog,Emma Jean Jelly Bean,Emma,13,Shih Tzu
7/21/2019 22:21:23,Dog,Rigby,Rigs,6,Boston terrier
7/21/2019 22:22:13,Dog,Sir Scribbles Of the Shire,Scribbles,5,Shih tzu/corgi 
7/21/2019 22:23:28,Dog,Tele,Tele,11,Labrador
7/21/2019 22:23:53,Dog,Maggie,Pooper,14,Dachshund 
7/21/2019 22:25:40,Dog,Daisy Mae,Daisy,11,Golden Retriever
7/21/2019 22:27:54,Dog,Bug,bug,6,Jack russel mutt
7/21/2019 22:28:09,Dog,Rayven,Ray,6,German Shepherd
7/21/2019 22:28:12,Dog,puppy girl,puppy,4,Jack Russell
7/21/2019 22:28:29,Dog,beyoncÃ© ,beyoncÃ© ,2,Chihuahua 
7/21/2019 22:30:21,Dog,Pippa Mad,Pippa,2,Havanese 
7/21/2019 22:30:35,Dog,Tails Balboa,Tails ,14,Chihuahua 
7/21/2019 22:31:00,Dog,Tara Balboa,Tara,6,Chihuahua 
7/21/2019 22:35:27,Dog,Mia,Mimi,1,Chihuahua 
7/21/2019 22:34:11,Dog,Slainte,Slainte,12,Chiweenie
7/21/2019 22:38:48,Dog,Clyde Frog the Dog,Clyde ,3.75,Yellow Labrador 
7/21/2019 22:40:36,Dog,Asher,Ashie,9,Golden Retriever
7/21/2019 22:40:38,Dog,Miley,Miley,13.5,Mutt
7/21/2019 22:41:07,Dog,Suzie,Suzie,5,Chocolate lab
7/21/2019 22:41:27,Dog,Joshua,Joshie,9,Golden Retriever
7/21/2019 22:42:08,Dog,Kona Kai,Kona,2,Mutt: half terrific
,,,,,Golden retriever/German Shepherd 
7/21/2019 22:43:04,Dog,Charlie,Charlie,11,Boston Terrier x Pug
7/21/2019 22:44:09,Dog,Lucky,Lucky,4,Labrador Retriever
7/21/2019 22:44:25,Dog,Lily Ann ,Lily,3,Golden Retriever
7/21/2019 22:44:38,Dog,Robbie,Robbie,10,West Highland White Terrier
7/21/2019 22:44:39,Dog,Chance ,Chance ,4,Labrador Retriever
7/21/2019 22:46:08,Dog,McGregor,Gregs,11,Scottish Terrier
7/21/2019 22:46:51,Dog,Maggie,Mags,6,Corgi
,,, maggals,,
7/21/2019 22:46:55,Dog,Boo Radley Beauregard ,Boo,5,Hound mix
7/21/2019 22:48:31,Dog,Jean Louise,Scout,2.5,Golden Retriever
7/21/2019 22:49:17,Dog,Java Joe,Joe,7 weeks,Corgi
7/21/2019 22:49:41,Dog,Heidi hoho,Heidi,7,Rescue
7/21/2019 22:50:53,Dog,Finlay Heisenberg ,Finn,8 years old,Shetland Sheepdog
7/21/2019 22:51:06,Dog,Nala Belle,Nala,11,Golden Retriever
7/21/2019 22:52:14,Dog,Matelin Paco Junior,Mate,9,Australian Shepherd
7/21/2019 22:52:48,Dog,Eddie ,Eddie,8,Chihuahua 
7/21/2019 22:52:17,Dog,Sir Thompson Squigglebutt,Tommy,7,Chihuahua 
7/21/2019 22:53:16,Dog,Miss Kasey Bubbles ,Kasey,8,English Setter
7/21/2019 22:53:44,Dog,Angel ,Angel,9,Golden Retriever
7/21/2019 22:54:07,Dog,Loosie,Goose,15,Whippet
7/21/2019 22:54:40,Dog,Sophie,Sophie,14,Whippet
7/21/2019 22:55:18,Dog,Douglas,Douglas,10,Basset Hound
7/21/2019 22:55:37,Dog,Zoi,Z,1,English Setter
7/21/2019 22:56:01,Dog,Jasper,Jasper,14,Whippet
7/21/2019 22:56:23,Dog,Rupert,Roo,3,Basset Hound
7/21/2019 22:56:58,Dog,Spencer,Spence,10,Pointer 
7/21/2019 22:57:32,Dog,Sir Clyde Bootsie Sideeye,Clyde ,11,Chihuahua 
7/21/2019 22:58:01,Dog,Daisy Mae,Daisy,7,Goldendoodle
7/21/2019 23:01:50,Dog,Teddy Bear,Teddy,11,Chow chow/Australian Shepard 
7/21/2019 23:06:09,Dog,Edward Gene ,Eddy,15,Golden Retriever
7/21/2019 23:05:40,Dog,Peaches Monroe,Peaches,4,Jack Russell Terrier
7/21/2019 23:06:19,Dog,Sir Nicholas,Nick,9,Corgi/jack russell 
7/21/2019 23:06:26,Dog,Eowyn,Eo,13,Shih Tzu
7/21/2019 23:06:42,Dog,Jayden,Denden,8,Shih Tzu
7/21/2019 23:06:56,Dog,Joey,Jo,1,Golden Retriever
7/21/2019 23:08:34,Dog,Walker Texas Ranger ,Wally,1,Lab mix
7/21/2019 23:08:53,Dog,Mike Mussina ,Moose,1,Lab mix
7/21/2019 23:12:08,Dog,Demon Deacon,Deke,13,Golden Retriever
7/21/2019 23:12:01,Dog,benny the tiny von hudehoff,benny,5,yorkshire
7/21/2019 23:14:18,Dog,Jacky,Jack,3,Golden Retriever
7/21/2019 23:14:47,Dog,Gigi,Gigi,10,Golden Retriever
7/21/2019 23:15:04,Dog,Liontamerâ€™s Nelson M Mandela ,Nelson ,2,Rhodesian Ridgeback 
7/21/2019 23:15:17,Dog,Toby,Toby,12,Golden Retriever
7/21/2019 23:15:33,Dog,Sugar,Sugar,13,Mixed Breed
7/21/2019 23:15:37,Dog,Mackley,Mackey,4,American Bulldog
7/21/2019 23:15:50,Dog,Sugar,Sugar,5,Golden Retriever
7/21/2019 23:16:18,Dog,Minnie,Minnie,10,Min pin
7/21/2019 23:18:10,Dog,Meeko letang,Bubby,3 years,Rough collie
7/21/2019 23:20:55,Dog,Oddjob,Jobby,11,Puggle
7/21/2019 23:22:55,Dog,Charleston Wesley,Charlie,1,Goldendoodle
7/21/2019 23:23:18,Dog,Shelby,Shelb ,3 months (puppy puppy!!!!),Mutt
7/21/2019 23:23:43,Dog,Barracuda ,Cuda ,3 months,GSD Mix 
7/21/2019 23:24:08,Dog,Daisy,Daisy,5,Chocolate lab mix
7/21/2019 23:24:09,Dog,Moose Van Haus Huenink,Moose,3,Rottweiler
7/21/2019 23:24:26,Dog,Princess Bella Marie,Bella,11,Mini Dachshund/Beagle mix
7/21/2019 23:24:42,Dog,Geno Stoneycreek Pugh,Beans,2,Rottweiler
7/21/2019 23:25:14,Dog,Sadie Mae,Sadie,6,German Shorthaired Pointer
7/21/2019 23:25:54,Dog,Ruby Sue,Ruby,3,Blue Tick Coon Hound
7/21/2019 23:27:50,Dog,Zoey,Zoey/zozo,8,Golden Retriever
7/21/2019 23:28:40,Dog,Apollo,Apollo,10,Boxer
7/21/2019 23:28:52,Dog,Petey,Pete,11,Lab mix
7/21/2019 23:29:12,Dog,Sadie Blue,Sadie,9,Border collie mix
7/21/2019 23:29:48,Dog,Mira,Weetum,13.5,lab/greyhound
7/21/2019 23:30:23,Dog,Ginger,Ginger,We arenâ€™t sure- around 8-10,Staffordshire mix
7/21/2019 23:32:49,Dog,Hairy Potter,Hairy,12,Smol terrier
7/21/2019 23:34:59,Dog,Cricket,Crickita ,Deceaced 12 years :(,Half schitzu
,,,,, half long haired miniature dachshund 
7/21/2019 23:34:50,Dog,Xenia Marie,Xenia,8,German Shepherd
7/21/2019 23:35:34,Dog,Daisy Mae,Daisy,12,Cairn Terrier
7/21/2019 23:41:25,Dog,Skylar,Sky dog,15,Mini Aussie
7/21/2019 23:43:06,Dog,Maybus Dogstoevsky,Maybe,11,Treeing Walker Coonhound
7/21/2019 23:43:45,Dog,Kahlua ,Louie,7,Mini Aussie
,,, LouLou,,
,,, KaHULA,,
,,, FlufferNutter,,
7/21/2019 23:44:48,Dog,Maggie pie thatcher,Maggie,4 months,Blue lacy 
7/21/2019 23:46:11,Dog,Ashildr,Ashy,1,Boxer
7/21/2019 23:46:19,Dog,Elsa,Stinky poo poo,4-1/2,German Shepherd
7/21/2019 23:46:59,Dog,Belle,Stinky poo poo too,4-1/2,Golden Retriever
7/21/2019 23:47:53,Dog,Zeus,Zeusy,8,Jack Russel mix
7/21/2019 23:48:58,Dog,Molly,Miss Pants,6,Lab mix
7/21/2019 23:52:38,Dog,Chip,Chippy,13.5 years,Yellow lab
,,, Chipper,,
,,, Dumbo,,
,,, or Chipper Dipper,,
7/22/2019 0:00:20,Dog,Chewustuffer Asshole,Chewy,2,Golden Retriever
7/22/2019 0:00:59,Dog,Sailor Moon,Either Sailor or Moon,4,Newfoundland
7/22/2019 0:01:01,Dog,Navigatorâ€™s Sipsey River PrinceS,Sipsey,11,Labrador Retriever
7/22/2019 0:01:03,Dog,Buddy,Bud,9,Border Collie
7/22/2019 0:01:41,Dog,Brown Butter Biscuit,Biscuit,12,Labrador Retriever
7/22/2019 0:02:06,Dog,Millie,Lil mil,13,Shih tzu cross 
7/22/2019 0:03:31,Dog,Jonah,Jonah,5,Lab/Collie
7/22/2019 0:04:10,Dog,Diggs,Diggs,9 years,Australian Cattle Dog
7/22/2019 0:04:39,Dog,Herman,Hermie,14,Dachshund 
,,, Herm-Derm,,
,,, Herbie,,
,,, Herm-Worm,,
7/22/2019 0:05:56,Dog,Datsyuk,Datsyuk,8 mos,Shepherd mix
7/22/2019 0:06:28,Dog,Nightwing ,Nightwing,6,Lhasa Apso / Maltese 
7/22/2019 0:06:39,Dog,Isabella,Bella,5,German Shepard/ Australian Shepard
7/22/2019 0:07:11,Dog,Princess Buttercup,Princess,4,Lhasa Apso / Maltese 
7/22/2019 0:10:07,Dog,Sir Jake of Zoar,Jake,11,Yellow lab
7/22/2019 0:12:12,Dog,Scout,scout,6,King Charles
7/22/2019 0:11:15,Dog,Aluxe,Aluxe,14,Poodle
7/22/2019 0:12:41,Dog,Brownie,brownie,11,King Charles
7/22/2019 0:19:38,Dog,Shelby May,Shelbs,6 years and 1 month,Terrier mix
7/22/2019 0:20:59,Dog,Mr. Henry Midas Darcy,Henry,7,Golden Retriever
7/22/2019 0:23:35,Dog,Annie Reese,Annie,11,Husky/Corgi mix 
7/22/2019 0:28:23,Dog,Blackjack,Blackjack,3,Lab and pit mix 
7/22/2019 0:33:19,Dog,Jaden,Jaden,8 years,
7/22/2019 0:34:04,Dog,Sophie,Soph,9 years,Golden Retriever
7/22/2019 0:39:03,Dog,Petey,Petey,11,Golden Retriever
7/22/2019 0:39:30,Dog,Jack,Jackson,11,Golden Retriever
7/22/2019 0:41:50,Dog,Bella,Bell,8 years,Puggle
7/22/2019 0:45:40,Dog,Starsky Buford,Starsky,7,Foxhound
7/22/2019 0:46:21,Dog, Beatrice,Trixie,5,Mexican black tailed
7/22/2019 0:46:48,Dog,Quito,Kiki,4,Lab/APBT/Great Dane/GSD/Australian Cattle Dog/Rottweiler (Embark confirmed)
7/22/2019 0:47:08,Dog,Wiggins,Wiggs,3,Black lab basset houd mix
7/22/2019 0:49:38,Dog,Bella,Smelly Belly,13,Weimaraner 
7/22/2019 0:51:27,Dog,Maple,Mapie,5 months old ,Shiba Inu
,,, Mapes,,
7/22/2019 0:51:57,Dog,Sara,Sara,7 years old,Polish Tatra Sheepdog
7/22/2019 0:54:18,Dog,Clementine,Clem,5.5yrs,Coonhound
7/22/2019 0:54:31,Dog,Ali May,Ali,12,Lab mix
7/22/2019 0:54:36,Dog,Aspen,Ass-pen,3y,Coonhound
7/22/2019 0:54:48,Dog,Amber,Amber,2,German pointer
7/22/2019 0:55:11,Dog,Coquine,Ti-Chat,15,Maltese
7/22/2019 0:57:00,Dog,Medley May ,Med head/big medley,8,Great Dane 
7/22/2019 0:57:28,Dog,Maggie,Mag bag ,3,Great Dane 
7/22/2019 0:58:21,Dog,Finn Jethro,Finny,7,Poodle
7/22/2019 0:59:01,Dog,Tallulah Lilac,Lulah,4,Poodle
7/22/2019 1:00:04,Dog,Bear,Bear,6,Husky - shepherd - collie 
7/22/2019 1:03:07,Dog,Emily,Emily,7,American Pitbull Terrier
7/22/2019 1:02:22,Dog,Winifred Yankeestaff Arnone,Winnie,13,English Staffordshire Bull Terrier
7/22/2019 1:04:54,Dog,Bella,Bella,9,Shih Tzu
7/22/2019 1:07:07,Dog,Mocha Latte,Moch,2,Retriever/Pitbull 
7/22/2019 1:06:53,Dog,Bentley Rockstaff Jardine Arnone,Bentley,10 months,English Staffordshire Bull Terrier
7/22/2019 1:07:34,Dog,Freddie Mercury,Freddie,15,Mini Schnauzer
7/22/2019 1:08:04,Dog,Einstein Pancake,Einstein ,11,Shih tzu/ poodle
7/22/2019 1:09:02,Dog,Sir Eggs Benedict,Benny,2.5,Pembroke Welsh Corgi
7/22/2019 1:09:08,Dog,Bandit ,Ban ban,8,Husky
7/22/2019 1:09:46,Dog,Mac,Mac,5,Border Collie
7/22/2019 1:10:21,Dog,Shepherd E Stoltzfus,Shep,5,Border Collie
7/22/2019 1:13:02,Dog,Cinnamon,Chinamon,4,Golden Lab
7/22/2019 1:19:23,Dog,Rocky Ciroc,Ciroc,6,Bichon Frise
7/22/2019 1:24:09,Dog,Jack,Jack,2,Miniature Dachshund
7/22/2019 1:23:08,Dog,Baldrick of Blackadder Bob,Bob,14,Miniature schnauzer 
7/22/2019 1:24:50,Dog,Danny,Danny,Deceased,Pomeranian - Indian mongrel mix
7/22/2019 1:29:14,Dog,Troy,Sweetie,9,Pit mix
7/22/2019 1:39:58,Dog,Lavender,Lav,8,Pitbull
7/22/2019 1:40:20,Dog,Buddy,Mr. B,6,Golden Retriever
7/22/2019 1:42:08,Dog,Chase,Chase,6,Boxer
7/22/2019 1:43:18,Dog,Charlotte,Charlie,8 human years,Mostly Border Collie (though she does not behave like one)
7/22/2019 1:43:05,Dog,Ice,Ice,14,Sharpei/Dachshund mix
7/22/2019 1:45:09,Dog,Dolly,Dolly,7 & 1/2 months,Lab mix
7/22/2019 1:48:15,Dog,Geoffrey,Geoffrey ,1,Maltipoo
7/22/2019 1:52:23,Dog,Holly ,Holly,8.5,Golden Retriever
7/22/2019 1:57:05,Dog,coco pollybird,coco,10,Cocker Spaniel
7/22/2019 1:58:19,Dog,Tim,Tim,12,Beagle
7/22/2019 2:01:18,Dog,Magui Josefina Primera Mercado,MoÃ±oÃ±ito,16(+),English Cocker Spaniel
7/22/2019 2:02:04,Dog,Scooby,Scoob,Unknown,American cocker Spaniel
7/22/2019 2:02:51,Dog,Balto JosÃ©,Bartolo,Six,
7/22/2019 2:07:53,Dog,Xena Badass McAwesome Princess Flufflepuffs of the Ashen Fields of Mordor,Xena,6,Golden Retriever
7/22/2019 2:08:03,Dog,Wilbur,Wilby ,6,French X British Bulldog
7/22/2019 2:08:46,Dog,Rowena Ravenclaw,Puppy,3,Rhodesian Ridgeback 
7/22/2019 2:09:28,Dog,Magnificent,Maggie,7,King Charles/papillon mix
7/22/2019 2:08:57,Dog,Nova,Scoosh ,7 months,Cocker Spaniel
7/22/2019 2:10:40,Dog,Penny,Penny,12,Ray terrier 
7/22/2019 2:11:58,Dog,Maisie taters ,Maisie ,2,Hound mix
7/22/2019 2:12:40,Dog,Guinness ,Guinness ,9,Australian Shepherd
7/22/2019 2:12:47,Dog,Johnny Bee,Johnny ,5,Boxer mix 
7/22/2019 2:13:18,Dog,Mayflower,May,12,Labrador
7/22/2019 2:13:40,Dog,Roscoe,Roscoe,13,Beagle
7/22/2019 2:23:32,Dog,Ashley,Ashley,5,English Cocker Spaniel
7/22/2019 2:24:37,Dog,Janis,Janis,7,
7/22/2019 2:29:52,Dog,Leonardo,Leo,7,Pekingese
7/22/2019 2:33:19,Dog,Ceili Kibbles,Ceili (pronounced K-Lee),10,Golden Retriever
7/22/2019 2:36:34,Dog,Charlie,Charlie,5 months,Bernese Mountain Dog
7/22/2019 2:37:53,Dog,Mango,Mango,2 years,
7/22/2019 2:44:20,Dog,Rufus,Roofie,14,Golden Retiever
7/22/2019 2:45:58,Dog,Daisy,Daze,4 months,Golden Retriever
7/22/2019 2:44:50,Dog,Lily,Lils,13,Golden Retriever
7/22/2019 2:45:27,Dog,Bertie,Bertie Boy,4 months,Golden Retriever
7/22/2019 2:52:42,Dog,Max,Bear,7,Akita
7/22/2019 2:52:59,Dog,Molly,Moo,7,Beagle
7/22/2019 2:53:23,Dog,Poppy,Poppy dog,2,Golden Retriever
7/22/2019 2:53:41,Dog,Daisy,Daisy dog,2,Golden Retriever
7/22/2019 2:58:31,Dog,Koda,Koda,9,Golden Retriever
7/22/2019 2:59:04,Dog,Elwood,Elwood,9,Golden Retriever
7/22/2019 2:59:32,Dog,Jake,Jakey,9,Golden Retriever
7/22/2019 3:00:32,Dog,Miles,Miles,8,Labrador
7/22/2019 3:23:22,Dog,Indiana ,Indy,10,Springer Spaniel 
7/22/2019 3:23:44,Dog,Maximus Harvey ,Max,2,Golden Retriever
7/22/2019 3:26:43,Dog,Douglas Ray Richardson the Third ,Doug ,6ish,Red heeled 
7/22/2019 3:49:48,Dog,Harley,Gnarly,4,Pug
7/22/2019 3:51:06,Dog,Buster,Busty ,14,Jack Russell
7/22/2019 3:51:27,Dog,Alfie,Alfie Dude,14,Jack Russell
7/22/2019 3:53:43,Dog,Mila,Mila,9,Mixed Breed
7/22/2019 3:59:19,Dog,Zero,Boydog,10,Rhodesian Ridgeback 
7/22/2019 4:14:20,Dog,Bella Nina; Thomas James; Archie,Bella; Tom; Archie,7yrs; 4yrs; 4mos,German Shepherd x Border Collie; not sure; German Shepherd
7/22/2019 4:21:50,Dog,Briggs,Briggy,10,Lab mix
7/22/2019 4:19:27,Dog,Mya (The Dog),My,13,Yellow lab
7/22/2019 4:20:57,Dog,Neela,Neely ,8,Shih Tzu
7/22/2019 4:22:46,Dog,Hank,Hankle ,2,Blue heeler/Australian shepherd
7/22/2019 4:24:04,Dog,Button,Button,7,Cockalier 
7/22/2019 4:23:05,Dog,Missy Princess,Missy,14,Cocker Spaniel
7/22/2019 4:23:39,Dog,Prince,Prince,7,German shepherd/golden retriever
7/22/2019 4:29:56,Dog,Samuel,Sam,8,Golden Retriever
7/22/2019 4:58:43,Dog,Precious Fudge,Miss Precious,12,Chocolate lab/collie
7/22/2019 4:48:57,Dog,truffles ,truffs ,11,chocolate poodle 
7/22/2019 4:49:25,Dog,woodland ,woody ,4,Long-haired Chihuahua
7/22/2019 4:59:29,Dog,Heath M&M,Mr. Peaf,8,Australian Cattle Dog
7/22/2019 5:00:10,Dog,Mosley,Mr. Mosley,6,Pitbull/Terrier
7/22/2019 5:01:44,Dog,Peter,Mr. Peter,3,
7/22/2019 5:15:44,Dog,Sammy,Sammy,12,Shih Tzu mix 
7/22/2019 5:19:17,Dog,Theodore Barkalot,Teddy,8,Bichon Havanese
7/22/2019 6:02:49,Dog,d'Artagnan,Dart,17,Pug
7/22/2019 6:38:43,Dog,Celsius Pele Amadeus Cartier,Celsius,11 years,Black Labrador Retriever
7/22/2019 6:39:00,Dog,Lando Calrisian,Lando,4,Labrador
7/22/2019 6:39:30,Dog,Obi-Wan,Obi,2,Labrador
7/22/2019 6:39:37,Dog,Titus Sirius Icarus Cartier,Titus,10 years,Black Labrador Retriever Mix
7/22/2019 6:40:25,Dog,Samuel T Dogg,Sam,8(ish) (rescue),Labrador
7/22/2019 6:45:43,Dog,Oreo Ann,Oreo ,11,
7/22/2019 6:46:12,Dog,Oliver,Ollie,7,
7/22/2019 6:47:52,Dog,Stamford,Stamford,10,Bichon frise cross
7/22/2019 7:03:56,Dog,Bentley,Bentley,4,Chocolate lab
7/22/2019 7:06:17,Dog,Lulu,Lulu,10,Jack Russell
7/22/2019 7:07:29,Dog,Ella,Elephant,8,Retriever X labrador
7/22/2019 7:08:01,Dog,Roxy,Roxy,5,German Shepherd
7/22/2019 7:16:38,Dog,Desmond,Dez,8,English Black Labrador
7/22/2019 7:21:30,Dog,Stella,Stella ,9,Hunterway x Collie 
7/22/2019 7:24:56,Dog,Sheena ,Beena,12,Golden
7/22/2019 7:28:30,Dog,Perry the Poodle,Perry ,2,Standard Poodle
7/22/2019 7:29:16,Dog,Cody the Corgi,Cody,3,Pembroke Welsh Corgi
7/22/2019 7:41:28,Dog,Ginevra Molly,Ginny,18 weeks,Golden Retriever
7/22/2019 7:50:19,Dog,Riley,Riley or Ri (pronounced RHY),4,Husky
,,, but then thereâ€™s a bunch of nicknames like (Riley Roo,,
,,, Roo,,
,,, Ri Ri,,
,,, Bud,,
,,, Buddy,,
,,, Bub,,
,,, etc),,
7/22/2019 7:53:15,Dog,Cleopatra,Cleo,3,Greyhound
7/22/2019 7:59:19,Dog,Coco,Coco,10,Corgi
7/22/2019 8:01:33,Dog,Captain,Captain aka Cappie,14,Husky
7/22/2019 8:02:46,Dog,Buddy,Buddy,8,Mutt
7/22/2019 8:06:50,Dog,Magnolia Mae,Maggie,2,Corgi
7/22/2019 8:12:00,Dog,Sam,Sammy,5,Border Collie
7/22/2019 8:15:57,Dog,Zoey,Zo,4,Mutt
7/22/2019 8:26:01,Dog,Chip,Chippers ,2 YO,Golden Retriever
7/22/2019 8:33:48,Dog,Snickers,Snick ,8,Labrador
7/22/2019 8:34:20,Dog,Max,Max,12.5,Labrador
7/22/2019 8:46:17,Dog,Leeloo,Leeloo,2,Labradoodle
7/22/2019 8:50:35,Dog,Owen,Owen,13,Ridgeback
7/22/2019 8:52:29,Dog,Daisy May,Daisy,11,Golden Retriever
7/22/2019 8:57:35,Dog,Sunshine,Sunny,4,Pyrador 
7/22/2019 8:58:46,Dog,Freskin,Fattima Bouffants,13,Black Labrador Retriever
7/22/2019 8:59:57,Dog,Philippa,Pippa,4,American Hairless Terrier
7/22/2019 9:00:57,Dog,Lillie (Lilian now that sheâ€™s older),Lillie,5 years,Boxer
7/22/2019 9:02:20,Dog,Dr. Wolf Barker,Wolfie,7 years,Mixed Breed
,, MD PhD DOG,,,
7/22/2019 9:02:29,Dog,Toby,Tobias,10,Bichon Frise
7/22/2019 9:02:55,Dog,Alice,Alicima Bouffants,11,Bichon Frise
7/22/2019 9:03:31,Dog,DeeDee,Deedle Dumpling,10,Bichon Frise
7/22/2019 9:03:51,Dog,Oliver,Oliver,12,Bichon Frise
7/22/2019 9:04:13,Dog,Reuben,Reuben,12,Bichon Frise
7/22/2019 9:04:37,Dog,Mowgli, Mowgli,3 1/2,YorkiePoo
,,, Mr. Tude (when he's sassy),,
7/22/2019 9:04:45,Dog,Toby,Toby,12,Labrador Retriever
7/22/2019 9:06:45,Dog,Buddy,Buddy,11,mutt/mixed
7/22/2019 9:06:49,Dog,Bella Sitka LASTNAME,Bell,15,Mianture American Eskimo
,,, Bella,,
,,, Pretty,,
7/22/2019 9:07:38,Dog,Monty,Montgomery of Fitzgerald,8,Labrador Retriever
7/22/2019 9:09:08,Dog,Luna Lastname,Luna,9 months,Doxin 
,,, Loon,,
,,, Loonie,,
,,, Miss Loon,,
,,, Wiggles,,
7/22/2019 9:10:11,Dog,Echo Last Name,Echo,12,Mianture American Eskimo
7/22/2019 9:18:22,Dog,Nuffin,Nuffin,6,Golden Retriever
7/22/2019 9:24:15,Dog,Mars,Chano ,9,Corgi
7/22/2019 9:29:51,Dog,Calhoun Richard Anderson du Nord,Cal,3.5,Golden Retriever
7/22/2019 9:37:06,Dog,Charlie Brown,Charlie,10,Labrador Retriever
,,, Charizard,,
,,, Charles,,
7/22/2019 9:37:54,Dog,Bixby Lucas,Bixby,1,Black Lab
7/22/2019 9:38:31,Dog,Taco,Taca Taca,13,French Bulldog/Boston Terrier Mix
,,, snorticus,,
7/22/2019 9:40:23,Dog,Belle,Jelly Belly,3,beagle mix
7/22/2019 9:42:02,Dog,Jimmy,Jimmy,3,Jack Russell Terrier
7/22/2019 9:47:32,Dog,Miles,Miles,10,Redbone Coonhound
7/22/2019 9:49:22,Dog,Eleanor Rose,Elly,5,Golden Retriever
7/22/2019 9:56:32,Dog,Cooper Jay Nigel Winston,Cooper,8,Yorkie mix
7/22/2019 9:57:20,Dog,Buddy Augusto,Buddy,14,Cocker Spaniel
7/22/2019 10:01:06,Dog,Dash,Dash,7,Pitbull mix
7/22/2019 10:09:54,Dog,Opie,Dope/ Opie,11,Golden Retriever
7/22/2019 10:16:47,Dog,Georgia ,Georgia ,3 years old,
7/22/2019 10:21:03,Dog,Dino,Dino,30 (deceased at 13),Keeshound
7/22/2019 10:31:04,Dog,Penny,Penny,10,Beagle
,,,,,Miniature Pinscher
7/22/2019 10:37:12,Dog,Alexâ€™s Fiesty Girl Bailey Balogh,Bailey,10 1/2 years,Golden Retriever
7/22/2019 10:42:15,Dog,Rey,Reymundo,2.5 years,Jack Russell/chihuahua 
7/22/2019 10:43:26,Dog,Uwe,Uwe,4,Golden boy
7/22/2019 10:51:17,Dog,Millie Betty,Mill,1.5 years,Dalmatian
7/22/2019 10:51:53,Dog,Henry,Henny,1 year,Dalmatian
7/22/2019 10:53:33,Dog,Daisy May,Daisy ,13,Mutt
7/22/2019 10:54:14,Dog,Chamomile June,Cammie,9,Cocker Spaniel
7/22/2019 10:54:56,Dog,Chapman,Chapman,15,Black Lab
7/22/2019 10:55:36,Dog,Tucker,Tucker,9 months,Mini Australian Shepard
7/22/2019 11:01:04,Dog,Chappelle,Mutt,7y 9 mo,Dachshund and Tibetan Spaniel
7/22/2019 11:34:28,Dog,Bella,Bella,11,Greater Swiss Mountain Dog
7/22/2019 11:35:00,Dog,Toby Wan Kenobi,Toby,1,Golden Retriever
7/22/2019 11:38:08,Dog,Daisy,Daisy,12,Labrador
7/22/2019 11:39:11,Dog,Beaucoup du Chien,Beau,Deceased,Newfoundland
7/22/2019 11:39:57,Dog,Pumpkin,Pumpkin,Deceased,Yellow Labrador 
7/22/2019 11:40:34,Dog,Poquit,Poquit,Deceased,Chocolate lab
7/22/2019 11:45:50,Dog,Rosie,Rosie,9,Golden Retriever
7/22/2019 11:50:24,Dog,Murphy,Murphy,10,Yorkshire Terrier
7/22/2019 11:52:39,Dog,Giacomo Science,Giacomo,6,Bernese Mountain Dog
7/22/2019 11:52:40,Dog,Zuul,Zuul,5,Pitbull/Boxer mix
,, minion of Gozer,,,
7/22/2019 11:52:41,Dog,Trogdor Jealous,Dora,14,Mixed Breed
7/22/2019 11:53:00,Dog,Professor Tuxedo,Tux,1,Bernese Mountain Dog
7/22/2019 11:53:29,Dog,Bodie,Bodie,8,Golden Retriever
7/22/2019 11:53:38,Dog,Zoey,Zoey,5 1/2,Labradoodle
7/22/2019 11:54:34,Dog,Joel Carlos,Joel,3,Beagador
7/22/2019 11:54:48,Dog,Lola,Lola,1,English Cocker Spaniel
7/22/2019 11:55:12,Dog,Rufus,Rufus,15,Cairn Terrier
7/22/2019 11:55:16,Dog,Sadie,Bubba ,12,Golden
7/22/2019 11:55:36,Dog,Zoey Deschanel,Zo ,12,Bichon Frise
7/22/2019 11:55:45,Dog,Cooper,Coop ,6,Golden
7/22/2019 11:55:55,Dog,Captain Goose,Goose,1,Unknown
7/22/2019 11:56:00,Dog,Mr Doctor Professor Constable Detective Brick,Brick,8,British Bulldog
7/22/2019 11:56:27,Dog,Ellie Sattler,El,1,pibble
7/22/2019 11:56:53,Dog,Juke,Juke,4,Dachshund 
7/22/2019 11:56:57,Dog,Blue,Blue,6mo,Chocolate lab
7/22/2019 11:57:15,Dog,Kiefer Bartholomew ,Kief ,9,Belgian Shepard
7/22/2019 11:57:48,Dog,Jackson,Jax,5,Labradoodle
7/22/2019 11:58:30,Dog,Zeta bear,Bear,6,German Shepherd
7/22/2019 12:00:41,Dog,Minnie,MinniePin,2,Mutt
7/22/2019 12:01:45,Dog,Dixie,Dixie,15,Shepherd mix
7/22/2019 12:02:15,Dog,Rosa Barks,Rosie,11,Shih Tzu
7/22/2019 12:02:16,Dog,Charlie,Charlie,10 weeks ,Cavapoo
7/22/2019 12:02:18,Dog,Jack Dog,Jack,16,Mutt
7/22/2019 12:02:26,Dog,Timon,Timon,3,Mutt
7/22/2019 12:02:38,Dog,Leila Fowler-Martinez,Leila or Pinche Leila ,7,
7/22/2019 12:02:40,Dog,Tubu,Tubu,11,Chihuahua 
7/22/2019 12:02:52,Dog,Goodness Gracious,Gracy ,12,Shih Tzu
7/22/2019 12:03:05,Dog,Monkey,Monkey,11,Australian Shepard/Rottweiler 
7/22/2019 12:03:27,Dog,Rosie,Rosie Posie,Dead,Golden Retriever
7/22/2019 12:04:08,Dog,Scirocco Augustus,Rocco or Crocco,5,Treeing walker coonhound/ Chinese Sharpei
7/22/2019 12:04:00,Dog,Heavy Duty Puppy,Duty,4,Sheltie (he was an â€œantiâ€-runt of the litter)
7/22/2019 12:04:41,Dog,Siena Rosa,Siena,12,Golden Retriever
7/22/2019 12:05:09,Dog,Buttercup Maplesde,Butternut, 2.5 yrs,Unknown
,Dog, zuez Maplesden, zuzy , 2.5 yrs,Unknown
,Dog, Bella Maplesden,Bella, 2 yrs, Bali dog mix
,Cat, Hercules Maplesden, Hercules., 2 yrs, tabby cat
7/22/2019 12:05:21,Dog,Ghia Lynn,Ghia or Geeg,1,Border Collie/ Chinese sharpei 
7/22/2019 12:05:26,Dog,Delilah,Lilah,7,Beagle
7/22/2019 12:05:48,Dog,Treacle,Treacle,10,Border Collie cross (mongrel)
7/22/2019 12:06:07,Dog,Sam,Sam,11,Labrador
7/22/2019 12:06:39,Dog,Tyson,Tysbert,14,Rottweiler-German Shepherd-Mix
,,, T McT,,
,,, Mucki,,
,,, Muckelbert,,
,,, Muckmuck,,
,,, Maggey,,
7/22/2019 12:09:08,Dog,Parker,Parker,11,Goldendoodle
7/22/2019 12:09:43,Dog,Captain Avro Clarence,Avro,6,Schnauzer 
7/22/2019 12:11:33,Dog,Carlene,Weentz,4,Mutt
7/22/2019 12:14:01,Dog,Linda,Linda,10,West Highland White Terrier
7/22/2019 12:16:08,Dog,Toby Wooferton,Toby,18,Mixed Breed
7/22/2019 12:17:12,Dog,Sacha,Fjollehoved (Danish for goofball) ,13,Dog (Golden Labrador Retriever)
7/22/2019 12:17:32,Dog,Snickers,Snicks,14,Labradoodle
7/22/2019 12:18:18,Dog,Sherlock Bones,Sherlock,4,Pitbull mix
7/22/2019 12:18:52,Dog,Irene Adler,Addie,8,Bulldog
7/22/2019 12:19:14,Dog,Wallace,Wally ,2,Labradoodle
7/22/2019 12:19:15,Dog,Dude,Handsome,2.5,Labrador Retriever
7/22/2019 12:19:41,Dog,Bailey,Bailey,9,Golden Retriever
7/22/2019 12:19:43,Dog,Willow,Sweetie,6,Labrador Retriever
7/22/2019 12:21:12,Dog,Philistine Smoosh,Bill,14,Jack Russell Terrier
7/22/2019 12:23:04,Dog,Henry Nacho ,Henny,8,Golden Retriever
7/22/2019 12:23:45,Dog,Maximilian Kolby,Maxy ,16,Golden Retriever
7/22/2019 12:23:52,Dog,Argos,Argos,6,Mixed Breed
7/22/2019 12:24:36,Dog,Madeline Grace ,Ma ma ,15,Golden Retriever
7/22/2019 12:24:55,Dog,Elvis,Elvis,11,Cockapoo
7/22/2019 12:25:47,Dog,Coconut Butter,Coco,5,Mixed Breed
7/22/2019 12:25:50,Dog,Lucy-fur,Lucy,12,Golden Retriever
7/22/2019 12:26:01,Dog,Sophie Grace,Soph,13,Brindle Black
7/22/2019 12:26:22,Dog,Prince,Prince,14,Poodle
,,,,, Shih Tzu and a misc terrier/sporting breed mix
7/22/2019 12:26:35,Dog,Jackson Buttsickle,Jacks,4,Mixed Breed
7/22/2019 12:27:29,Dog,Lassie,Lass Lass,14,Moth Eaten Carpet
7/22/2019 12:28:12,Dog,Charles Xavier II,Charlie,4,Great Pyrenees 
7/22/2019 12:30:36,Dog,Caroline,Caroline,5 years old,Purebred Alabama Mutt
7/22/2019 12:31:59,Dog,Beau,Goomby,4,Golden Retriever
,,, Mr. Beauregard,,
7/22/2019 12:32:38,Dog,Lindon,Lindy loo,10,Pitbull/lab mix
7/22/2019 12:33:10,Dog,Tedward,Teddy,4,Shih Tzu mix 
7/22/2019 12:33:46,Dog,Zuzu,Zu,4,Shih Tzu x Bichon
7/22/2019 12:34:15,Dog,Marcus Brutus,Brutus,4,Boxer
7/22/2019 12:37:19,Dog,Brownie Leigh,Brownie ,3,Golden Shepherd 
7/22/2019 12:40:31,Dog,Jersey Girl,Jersey ,11,Husky/malamute/sneaky neighbor's dog mix
7/22/2019 12:40:50,Dog,Stella,Stells,10,Goldendoodle
7/22/2019 12:41:13,Dog,Lizzie,Lizzie Pie,6,Husky/sneaky neighbor's dog mix
7/22/2019 12:41:48,Dog,Roxy,Roxy Socks,1,Mutt
7/22/2019 12:42:19,Dog,Coco Murfree,Coco,9,Border Collie
7/22/2019 12:42:27,Dog,Ozzy,Ozlet,1,Minnie Australian Shepherd/Cockapoo
7/22/2019 12:44:54,Dog,Winston Pigaloo,Winston or Lewis,6,Pug
7/22/2019 12:45:29,Dog,Noodle ,Noodle / Weenie,13,Weiner Dog
7/22/2019 12:46:01,Dog,Phantom,Phantom ,5,Staffordshire pit bull
7/22/2019 12:52:28,Dog,Ellen Park,Ellen,3,Gr
7/22/2019 13:02:58,Dog,Spud,Schmoops ,1.5 years,Pembroke Welsh Corgi
7/22/2019 13:03:38,Dog,FN 2187,Finn,1.5 years,Goldendoodle
7/22/2019 13:04:24,Dog,Pisco,Pisco,5,German Wirehaired Pointer
7/22/2019 13:04:25,Dog,Sadie,Sadie,3,GSD
7/22/2019 13:04:52,Dog,Lola,Loli Ravioli ,9 months,Golden Retriever
7/22/2019 13:08:43,Dog,Addie Heart,Addie,8,Lab/Chow chow mix
7/22/2019 13:11:54,Dog,Ernie,Ernburn,1,
,,, Erndog,,
,,, Ernieworm ,,
7/22/2019 13:24:31,Dog,Semaj,Sammich,4,Shih Tzu
,,, Dumbledork,,
7/22/2019 13:25:17,Dog,Maya,Little Miss Maya,8,Shih Tzu
,,, Diva,,
7/22/2019 13:26:44,Dog,Bijou,Bijou,12,Jack russel terrier x toy poodle
7/22/2019 13:27:22,Dog,Pesto,Pesto,9 months,Beagle
7/22/2019 13:29:06,Dog,Maggie,Magz,Unknown,Eskimo mix
7/22/2019 13:35:55,Dog,Toby,Toby,1,Golden Retriever
7/22/2019 13:35:35,Dog,Jacob Marley,Jake,6,Golden Retriever
7/22/2019 13:40:58,Dog,Cujo,Bubby,11,Cocker Spaniel
7/22/2019 13:44:18,Dog,Maizie,Maizie,4 months,Mini Schnauzer
7/22/2019 13:57:55,Dog,Bruce D4,Bruce,12,Dachshund 
7/22/2019 13:58:44,Dog,Jackie Kate,Jackie,5,Lab/beagle mix
7/22/2019 13:59:02,Dog,Daisy Bear,Daisy or Bear,2.5 years,German Shepherd
7/22/2019 13:59:52,Dog,Tinker Stinker,Stinks,2.5 years,German Shepherd
7/22/2019 14:01:27,Dog,Mile High Ice Storm,Miles,7,Golden Retriever
7/22/2019 14:02:02,Dog,Breezy Bear,Breezy,1,Golden Retriever
7/22/2019 14:02:45,Dog,Nara,Gorda,3,Australian Cattle Dog
7/22/2019 14:02:47,Dog,Wyatt Daniel,Wyatt,2,Pembroke Welsh Corgi
,, the Wild Corgo,,,
7/22/2019 14:09:47,Dog,,Petra,,Golden Retriever
7/22/2019 14:11:21,Dog,Rosie,Rosie,10,Walker Hound
7/22/2019 14:14:15,Dog,Lilly,Lilly,10,German Shepherd/Husky/Beagle/Chow Chow
7/22/2019 14:14:55,Dog,Charles,Charles,12,Miniature Schnauzer/Poodle
7/22/2019 14:15:29,Dog,Pippa,Pip,1.1 years,Goldendoodle
7/22/2019 14:18:12,Dog,Oliver,Ollie,Seven,Jack Russell Terrier
7/22/2019 14:20:05,Dog,Kiku,Kiku,3,Mutt
7/22/2019 14:20:32,Dog,Brandy,Brenda,10,Havanese 
7/22/2019 14:21:01,Dog,Bobby,bobkin,8,Shih Tzu
7/22/2019 14:21:14,Dog,Emma,Emma,12,Shih-Tzu Poodle Mix
7/22/2019 14:22:05,Dog,Bessy ,Bess,10,Labrador
7/22/2019 14:24:28,Dog,Dakota,Woobis,13,Mixed Breed
,,, Woobie,,
7/22/2019 14:25:48,Dog,Altrichter,Cooper,9,Golden Retriever
7/22/2019 14:26:10,Dog,Tucker,Tuck,7,Golden Retriever
7/22/2019 14:30:32,Dog,Penny Bellew,Penny,6,Labrador
7/22/2019 14:35:16,Dog,Morena,Morena,2 years,Corgi
7/22/2019 14:40:19,Dog,Brownie,Bub,13,Maltipoo
7/22/2019 14:41:35,Dog,Mose Schrute,Mose,2,German Shepherd
7/22/2019 14:44:03,Dog,Rocky,Rocky,6,Corgidor 
7/22/2019 15:04:21,Dog,Tyler John (had to give him a middle name for when he was in trouble),Ty,12,Rhodesian Ridgeback 
7/22/2019 15:10:43,Dog,Tux,Tux,9,Black lab mix
7/22/2019 15:11:08,Dog,Ruby,Ruby,3,coonhound/beagle
7/22/2019 15:13:16,Dog,Pooch-K,Pooch-k the pooch,7,Mutt
7/22/2019 15:13:49,Dog,Scooby,Scoobers,7 months,Mutt
7/22/2019 15:26:35,Dog,Lloyd ,Lloyd,11,Golden Retriever
7/22/2019 15:31:51,Dog,Ishka,Ish/Ishka,8,Golden Retriever
7/22/2019 15:33:02,Dog,Millie,Millie,1.5,Border Collie
7/22/2019 15:33:08,Dog,Rossa,Ross,5,Golden Retriever
,,, Rossy,,
,,, Rossapoo,,
7/22/2019 15:33:37,Dog,Wookie,Wookie,7,Goldendoodle
7/22/2019 15:39:31,Dog,Tucker,Tucker,2,Labrador
7/22/2019 15:39:49,Dog,Keifer,Keifer,14,Yellow lab
7/22/2019 15:46:12,Dog,Frankie,Frankie,7,Husky mix
7/22/2019 15:51:49,Dog,Sammy,Sam,5,JRT/miniature pincher
7/22/2019 16:05:56,Dog,Barrett,Barrett,3,German Shepherd
7/22/2019 16:06:00,Dog,Benjamin,Benj,2,Border Collie/Belgian Malinois
7/22/2019 16:06:17,Dog,Laney,Laney,12,Golden Retriever
7/22/2019 16:06:21,Dog,Dixie,Lady,3,American Pitbull
7/22/2019 16:06:45,Dog,Diesel,Diesel,3,Pitbull mix
7/22/2019 16:18:11,Dog,Baxter,Baxter,7.5,Golden Retriever
7/22/2019 16:20:03,Dog,Riley Marie,Riley,13,Cocker Spaniel
7/22/2019 16:26:11,Dog,Reginald Fonzerelli Hawkes,Reg,12,Goldendoodle
7/22/2019 16:29:19,Dog,Erik,Earwig,4,Wirehaired dachshund
7/22/2019 16:32:14,Dog,Oliver,Oli ,8,Jack Russell
7/22/2019 16:56:12,Dog,Bilbo Spud Doggins,Bilbo,5,Corgi/Cocker Spaniel mix
7/22/2019 16:56:35,Dog,Bailey Woofer,Bailey,13,Cocker Spaniel
7/22/2019 17:03:05,Dog,Skyy like the vodka ,Skyy,3,Husky
7/22/2019 17:03:27,Dog,Malibu like the rum ,Malibu,1,Golden Retriever
7/22/2019 17:15:37,Dog,Golden Tate ,Tate ,2,Golden Retriever
7/22/2019 17:27:16,Dog,Bear,Bear,7 mo,Labrador Retriever
7/22/2019 17:27:25,Dog,Stanley,Stan,6 months,Miniature schnauzer 
7/22/2019 17:34:02,Dog,Andromeda Mae,Andie,6,Goldendoodle
7/22/2019 17:34:55,Dog,Eloise Gertrude,Ellie,2,Labradoodle
7/22/2019 17:35:29,Dog,Lady Bonnie of Coventry,Bonnie,8,Black lab mix
7/22/2019 17:47:39,Dog,Gibson,Gibby,2.5,Pitbull mix
7/22/2019 17:48:04,Dog,Brewskie,Brew,11,Puggle
7/22/2019 17:52:14,Dog,Koli,Koli,11,Yorker Terrier/Silky Terrier Mix
7/22/2019 17:55:44,Dog,Moxie Jean Narice,Moxie,1,German Shepherd mix
7/22/2019 17:57:10,Dog,Dancer Pants,Dancer,17,Havanese 
